--
-- Name: category_cat_id_seq; Type: SEQUENCE SET; Schema: public; Owner: postgres
--

SELECT pg_catalog.setval('category_cat_id_seq', 1, false);


--
-- Data for Name: cell_gateways; Type: TABLE DATA; Schema: public; Owner: gforge
--

COPY cell_gateways (gateway_id, gateway, name) FROM stdin;
\.


--
-- Name: cell_gateways_gateway_id_seq; Type: SEQUENCE SET; Schema: public; Owner: postgres
--

SELECT pg_catalog.setval('cell_gateways_gateway_id_seq', 1, false);


--
-- Name: cell_gateways_gateway_id_seq1; Type: SEQUENCE SET; Schema: public; Owner: gforge
--

SELECT pg_catalog.setval('cell_gateways_gateway_id_seq1', 1, false);


--
-- Data for Name: cem_children; Type: TABLE DATA; Schema: public; Owner: postgres
--

COPY cem_children (cem_id, child_id) FROM stdin;
\.


--
-- Data for Name: cem_object_git_acl; Type: TABLE DATA; Schema: public; Owner: gforge
--

COPY cem_object_git_acl (cem_git_acl_id, cem_id, user_id, permissions) FROM stdin;
\.


--
-- Name: cem_object_git_acl_cem_git_acl_id_seq; Type: SEQUENCE SET; Schema: public; Owner: gforge
--

SELECT pg_catalog.setval('cem_object_git_acl_cem_git_acl_id_seq', 1, false);


--
-- Data for Name: cem_objects; Type: TABLE DATA; Schema: public; Owner: gforge
--

COPY cem_objects (cem_id, group_id, name, parent_cem_id, last_repo_update, repo_creation_time, export_control, description) FROM stdin;
1	6	Transformer	0	0	0	f	\N
2	6	Physics	0	0	0	f	\N
\.


--
-- Name: cem_objects_cem_id_seq; Type: SEQUENCE SET; Schema: public; Owner: postgres
--

SELECT pg_catalog.setval('cem_objects_cem_id_seq', 1, false);


--
-- Name: cem_objects_cem_id_seq1; Type: SEQUENCE SET; Schema: public; Owner: gforge
--

SELECT pg_catalog.setval('cem_objects_cem_id_seq1', 2, true);


--
-- Data for Name: cem_parents; Type: TABLE DATA; Schema: public; Owner: postgres
--

COPY cem_parents (cem_id, parent_id) FROM stdin;
\.


--
-- Data for Name: cem_runnable_messages; Type: TABLE DATA; Schema: public; Owner: gforge
--

-- COPY cem_runnable_messages (message_id, message, running_id) FROM stdin;
-- 1	{"event":"class mit.cadlab.dome3.api.ParameterValueChangeEvent","param":"distanceCopy","id":{"idString":"0163d123-d8de-1004-8a2f-592d01a9bb93"},"old_val":[3.0],"new_val":[3.0],"occur":1442496818544}	1
-- 2	{"event":"class mit.cadlab.dome3.api.ParameterValueChangeEvent","param":"timeCopy","id":{"idString":"0163d124-d8de-1004-8a2f-592d01a9bb93"},"old_val":[20.0],"new_val":[20.0],"occur":1442496818570}	1
-- 3	{"event":"class mit.cadlab.dome3.api.ParameterStatusChangeEvent","param":"averageVelocity","id":{"idString":"0163d125-d8de-1004-8a2f-592d01a9bb93"},"old_val":"INCONSISTENT","new_val":"WAITING_VALIDATION","occur":1442496822126}	1
-- 4	{"event":"class mit.cadlab.dome3.api.ParameterValueChangeEvent","param":"averageVelocity","id":{"idString":"0163d125-d8de-1004-8a2f-592d01a9bb93"},"old_val":[1.5],"new_val":[0.15],"occur":1442496822195}	1
-- 5	{"event":"class mit.cadlab.dome3.api.ParameterStatusChangeEvent","param":"distanceCopy","id":{"idString":"0163d123-d8de-1004-8a2f-592d01a9bb93"},"old_val":"STALE","new_val":"CONSISTENT","occur":1442496822200}	1
-- 6	{"event":"class mit.cadlab.dome3.api.ParameterStatusChangeEvent","param":"timeCopy","id":{"idString":"0163d124-d8de-1004-8a2f-592d01a9bb93"},"old_val":"STALE","new_val":"CONSISTENT","occur":1442496822200}	1
-- 7	{"event":"class mit.cadlab.dome3.api.ParameterStatusChangeEvent","param":"averageVelocity","id":{"idString":"0163d125-d8de-1004-8a2f-592d01a9bb93"},"old_val":"WAITING_VALIDATION","new_val":"CONSISTENT","occur":1442496822197}	1
-- 8	{"event":"class mit.cadlab.dome3.api.ParameterStatusChangeEvent","param":8,"id":{"idString":"end_of_run"},"old_val":"RUNNING","new_val":"SUCCESS","occur":1442496822702}	1
-- 9	{"event":"class mit.cadlab.dome3.api.ParameterValueChangeEvent","param":"distanceCopy","id":{"idString":"0163d123-d8de-1004-8a2f-592d01a9bb93"},"old_val":[30.0],"new_val":[30.0],"occur":1442496829361}	2
-- 10	{"event":"class mit.cadlab.dome3.api.ParameterValueChangeEvent","param":"timeCopy","id":{"idString":"0163d124-d8de-1004-8a2f-592d01a9bb93"},"old_val":[20.0],"new_val":[20.0],"occur":1442496829374}	2
-- 11	{"event":"class mit.cadlab.dome3.api.ParameterStatusChangeEvent","param":"averageVelocity","id":{"idString":"0163d125-d8de-1004-8a2f-592d01a9bb93"},"old_val":"INCONSISTENT","new_val":"WAITING_VALIDATION","occur":1442496829940}	2
-- 12	{"event":"class mit.cadlab.dome3.api.ParameterStatusChangeEvent","param":"distanceCopy","id":{"idString":"0163d123-d8de-1004-8a2f-592d01a9bb93"},"old_val":"STALE","new_val":"CONSISTENT","occur":1442496829950}	2
-- 13	{"event":"class mit.cadlab.dome3.api.ParameterStatusChangeEvent","param":"averageVelocity","id":{"idString":"0163d125-d8de-1004-8a2f-592d01a9bb93"},"old_val":"WAITING_VALIDATION","new_val":"CONSISTENT","occur":1442496829954}	2
-- 14	{"event":"class mit.cadlab.dome3.api.ParameterStatusChangeEvent","param":"timeCopy","id":{"idString":"0163d124-d8de-1004-8a2f-592d01a9bb93"},"old_val":"STALE","new_val":"CONSISTENT","occur":1442496829952}	2
-- 15	{"event":"class mit.cadlab.dome3.api.ParameterValueChangeEvent","param":"averageVelocity","id":{"idString":"0163d125-d8de-1004-8a2f-592d01a9bb93"},"old_val":[1.5],"new_val":[1.5],"occur":1442496829951}	2
-- 16	{"event":"class mit.cadlab.dome3.api.ParameterStatusChangeEvent","param":8,"id":{"idString":"end_of_run"},"old_val":"RUNNING","new_val":"SUCCESS","occur":1442496830478}	2
-- \.


--
-- Name: cem_runnable_messages_message_id_seq; Type: SEQUENCE SET; Schema: public; Owner: postgres
--

SELECT pg_catalog.setval('cem_runnable_messages_message_id_seq', 1, false);


--
-- Name: cem_runnable_messages_message_id_seq1; Type: SEQUENCE SET; Schema: public; Owner: gforge
--

SELECT pg_catalog.setval('cem_runnable_messages_message_id_seq1', 16, true);


--
-- Data for Name: cem_runnables; Type: TABLE DATA; Schema: public; Owner: gforge
--

COPY cem_runnables (runnable_id, cem_id, type_id, ref_id) FROM stdin;
\.


--
-- Name: cem_runnables_runnable_id_seq; Type: SEQUENCE SET; Schema: public; Owner: postgres
--

SELECT pg_catalog.setval('cem_runnables_runnable_id_seq', 1, false);


--
-- Name: cem_runnables_runnable_id_seq1; Type: SEQUENCE SET; Schema: public; Owner: gforge
--

SELECT pg_catalog.setval('cem_runnables_runnable_id_seq1', 1, false);


--
-- Data for Name: cem_runnables_running; Type: TABLE DATA; Schema: public; Owner: gforge
--

-- COPY cem_runnables_running (running_id, interface_id, owner_id, queue_url, finished, time_started, viewed) FROM stdin;
-- 1	1	102	velocityinterface-1442496817	t	1442496818	t
-- 2	1	102	velocityinterface-1442496828	t	1442496829	t
-- 3	1	102	velocityinterface-1446478378	f	1446478378	f
-- 4	1	102	velocityinterface-1446478419	f	1446478420	f
-- 5	1	102	velocityinterface-1446478515	f	1446478516	f
-- 6	1	102	velocityinterface-1446505614	f	1446505614	f
-- \.


--
-- Name: cem_runnables_running_running_id_seq; Type: SEQUENCE SET; Schema: public; Owner: postgres
--

SELECT pg_catalog.setval('cem_runnables_running_running_id_seq', 1, false);


--
-- Name: cem_runnables_running_running_id_seq1; Type: SEQUENCE SET; Schema: public; Owner: gforge
--

SELECT pg_catalog.setval('cem_runnables_running_running_id_seq1', 6, true);


--
-- Data for Name: service_categories; Type: TABLE DATA; Schema: public; Owner: gforge
--

COPY service_categories (cat_id, parent_id, name) FROM stdin;
2	0	Physical Domains
3	2	Electrical
4	2	Hydraulic
5	2	Mechanical
6	2	Thermal
7	2	Electromagnetic
8	2	Aero
9	2	Software
10	0	Functions
11	10	Rapid Prototyping
12	10	Statistics and Probability
13	10	Control Systems
14	10	Data Aquisition
15	10	Signal Processing
16	10	Test and Measurement
17	10	CAD Geometry
18	10	Analytics
19	10	Meta Models
20	19	Nonlinear Differential Equation (PDE) Models
21	19	Linear Differntial Equation/Bond Graph Models
22	19	Qualitative Relational Models
23	10	CFD
24	10	FEA
25	10	iFAB Models
26	25	Machine/Assembly Models
27	25	Process Models
28	10	Visualization
\.


--
-- Name: service_categories_cat_id_seq; Type: SEQUENCE SET; Schema: public; Owner: postgres
--

SELECT pg_catalog.setval('service_categories_cat_id_seq', 1, false);


--
-- Name: service_categories_cat_id_seq1; Type: SEQUENCE SET; Schema: public; Owner: gforge
--

SELECT pg_catalog.setval('service_categories_cat_id_seq1', 1, false);

--
-- Data for Name: cem_service_categories; Type: TABLE DATA; Schema: public; Owner: gforge
--

COPY cem_service_categories (cem_service_id, cem_id, cat_id) FROM stdin;
1	2	2
\.


--
-- Name: cem_service_categories_cem_service_id_seq; Type: SEQUENCE SET; Schema: public; Owner: postgres
--

SELECT pg_catalog.setval('cem_service_categories_cem_service_id_seq', 1, false);


--
-- Name: cem_service_categories_cem_service_id_seq1; Type: SEQUENCE SET; Schema: public; Owner: gforge
--

SELECT pg_catalog.setval('cem_service_categories_cem_service_id_seq1', 1, false);


--
-- Data for Name: cem_tags; Type: TABLE DATA; Schema: public; Owner: gforge
--

COPY cem_tags (cem_tag_id, tag_name) FROM stdin;
\.


--
-- Name: cem_tags_cem_tag_id_seq; Type: SEQUENCE SET; Schema: public; Owner: gforge
--

SELECT pg_catalog.setval('cem_tags_cem_tag_id_seq', 1, false);


--
-- Data for Name: cem_tags_join; Type: TABLE DATA; Schema: public; Owner: gforge
--

COPY cem_tags_join (join_id, cem_id, cem_tag_id, group_id) FROM stdin;
\.


--
-- Name: cem_tags_join_join_id_seq; Type: SEQUENCE SET; Schema: public; Owner: postgres
--

SELECT pg_catalog.setval('cem_tags_join_join_id_seq', 1, false);


--
-- Name: cem_tags_join_join_id_seq1; Type: SEQUENCE SET; Schema: public; Owner: gforge
--

SELECT pg_catalog.setval('cem_tags_join_join_id_seq1', 1, false);


--
-- Name: cem_tags_tag_id_seq; Type: SEQUENCE SET; Schema: public; Owner: postgres
--

SELECT pg_catalog.setval('cem_tags_tag_id_seq', 1, false);


--
-- Data for Name: channel_subscriptions; Type: TABLE DATA; Schema: public; Owner: gforge
--

COPY channel_subscriptions (subscription_id, user_id, type_id, ref_id) FROM stdin;
\.


--
-- Name: channel_subscriptions_subscription_id_seq; Type: SEQUENCE SET; Schema: public; Owner: gforge
--

SELECT pg_catalog.setval('channel_subscriptions_subscription_id_seq', 1, false);


--
-- Data for Name: community_forum_sections; Type: TABLE DATA; Schema: public; Owner: gforge
--

COPY community_forum_sections (section_name, section_id) FROM stdin;
General	1
Software	2
Other	3
General	1
Software	2
Other	3
\.


--
-- Data for Name: community_forum_sections_join; Type: TABLE DATA; Schema: public; Owner: gforge
--

COPY community_forum_sections_join (section_id, forum_id) FROM stdin;
1	1
1	1
1	1
1	1
\.


--
-- Name: community_forum_sections_section_id_seq; Type: SEQUENCE SET; Schema: public; Owner: gforge
--

SELECT pg_catalog.setval('community_forum_sections_section_id_seq', 1, false);



--
-- Data for Name: cron_history; Type: TABLE DATA; Schema: public; Owner: gforge
--

COPY cron_history (rundate, job, output) FROM stdin;
1331316361	18	
1331316482	17	/etc/aliases: 77 aliases, longest 10 bytes, 781 bytes total\n
1331319961	18	
1331320081	17	/etc/aliases: 77 aliases, longest 10 bytes, 781 bytes total\n
1331323561	18	
1331323681	17	/etc/aliases: 77 aliases, longest 10 bytes, 781 bytes total\n
1331327161	18	
1331327281	17	/etc/aliases: 77 aliases, longest 10 bytes, 781 bytes total\n
1331330761	18	
1331330881	17	/etc/aliases: 77 aliases, longest 10 bytes, 781 bytes total\n
1331334361	18	
1331334481	17	/etc/aliases: 77 aliases, longest 10 bytes, 781 bytes total\n
1331337961	18	
1331338081	17	/etc/aliases: 77 aliases, longest 10 bytes, 781 bytes total\n
1331341562	18	
1331341681	17	/etc/aliases: 77 aliases, longest 10 bytes, 781 bytes total\n
1331344803	23	Unable to find CVSROOT dir. Configured value is:Unable to find SVNROOT dir. Configured value is:/svnroot
1331345161	18	
1331345282	17	/etc/aliases: 77 aliases, longest 10 bytes, 781 bytes total\n
1331348762	18	
1331348881	17	/etc/aliases: 77 aliases, longest 10 bytes, 781 bytes total\n
1331352361	18	
1331352481	17	/etc/aliases: 77 aliases, longest 10 bytes, 781 bytes total\n
1331355961	18	
1331356082	17	/etc/aliases: 77 aliases, longest 10 bytes, 781 bytes total\n
1331359562	18	
1331359681	17	/etc/aliases: 77 aliases, longest 10 bytes, 781 bytes total\n
1331363162	18	
1331363281	17	/etc/aliases: 77 aliases, longest 10 bytes, 781 bytes total\n
1331366762	18	
1331366881	17	/etc/aliases: 77 aliases, longest 10 bytes, 781 bytes total\n
1331370361	18	
1331370481	17	/etc/aliases: 77 aliases, longest 10 bytes, 781 bytes total\n
1331373962	18	
1331374081	17	/etc/aliases: 77 aliases, longest 10 bytes, 781 bytes total\n
1331377562	18	
1331377681	17	/etc/aliases: 77 aliases, longest 10 bytes, 781 bytes total\n
1331381162	18	
1331381281	17	/etc/aliases: 77 aliases, longest 10 bytes, 781 bytes total\n
1331384762	18	
1331384881	17	/etc/aliases: 77 aliases, longest 10 bytes, 781 bytes total\n
1331388362	18	
1331388481	17	/etc/aliases: 77 aliases, longest 10 bytes, 781 bytes total\n
1331391961	18	
1331392083	17	/etc/aliases: 77 aliases, longest 10 bytes, 781 bytes total\n
1331395561	18	
1331395682	17	/etc/aliases: 77 aliases, longest 10 bytes, 781 bytes total\n
1331399161	18	
1331399281	17	/etc/aliases: 77 aliases, longest 10 bytes, 781 bytes total\n
1331402761	18	
1331402881	17	/etc/aliases: 77 aliases, longest 10 bytes, 781 bytes total\n
1331406361	18	
1331406481	17	/etc/aliases: 77 aliases, longest 10 bytes, 781 bytes total\n
1331409961	18	
1331410081	17	/etc/aliases: 77 aliases, longest 10 bytes, 781 bytes total\n
1331413561	18	
1331413681	17	/etc/aliases: 77 aliases, longest 10 bytes, 781 bytes total\n
1331417161	18	
1331417281	17	/etc/aliases: 77 aliases, longest 10 bytes, 781 bytes total\n
1331420761	18	
1331420881	17	/etc/aliases: 77 aliases, longest 10 bytes, 781 bytes total\n
1331424361	18	
1331424481	17	/etc/aliases: 77 aliases, longest 10 bytes, 781 bytes total\n
1331427964	18	
1331428081	17	/etc/aliases: 77 aliases, longest 10 bytes, 781 bytes total\n
1331431203	23	Unable to find CVSROOT dir. Configured value is:Unable to find SVNROOT dir. Configured value is:/svnroot
1331431561	18	
1331431681	17	/etc/aliases: 77 aliases, longest 10 bytes, 781 bytes total\n
1331435163	18	
1331435281	17	/etc/aliases: 77 aliases, longest 10 bytes, 781 bytes total\n
1331438762	18	
1331438881	17	/etc/aliases: 77 aliases, longest 10 bytes, 781 bytes total\n
1331442362	18	
1331442481	17	/etc/aliases: 77 aliases, longest 10 bytes, 781 bytes total\n
1331445961	18	
1331446082	17	/etc/aliases: 77 aliases, longest 10 bytes, 781 bytes total\n
1331449561	18	
1331449682	17	/etc/aliases: 77 aliases, longest 10 bytes, 781 bytes total\n
1331453161	18	
1331453281	17	/etc/aliases: 77 aliases, longest 10 bytes, 781 bytes total\n
1331456761	18	
1331456882	17	/etc/aliases: 77 aliases, longest 10 bytes, 781 bytes total\n
1331460361	18	
1331460481	17	/etc/aliases: 77 aliases, longest 10 bytes, 781 bytes total\n
1331463961	18	
1331464081	17	/etc/aliases: 77 aliases, longest 10 bytes, 781 bytes total\n
1331467561	18	
1331467681	17	/etc/aliases: 77 aliases, longest 10 bytes, 781 bytes total\n
1331471162	18	
1331471281	17	/etc/aliases: 77 aliases, longest 10 bytes, 781 bytes total\n
1331474762	18	
1331474881	17	/etc/aliases: 77 aliases, longest 10 bytes, 781 bytes total\n
1331478362	18	
1331478481	17	/etc/aliases: 77 aliases, longest 10 bytes, 781 bytes total\n
1331481961	18	
1331482082	17	/etc/aliases: 77 aliases, longest 10 bytes, 781 bytes total\n
1331485561	18	
1331485682	17	/etc/aliases: 77 aliases, longest 10 bytes, 781 bytes total\n
1331489161	18	
1331489282	17	/etc/aliases: 77 aliases, longest 10 bytes, 781 bytes total\n
1331492761	18	
1331492881	17	/etc/aliases: 77 aliases, longest 10 bytes, 781 bytes total\n
1331496363	18	
1331496482	17	/etc/aliases: 77 aliases, longest 10 bytes, 781 bytes total\n
1331499961	18	
1331500082	17	/etc/aliases: 77 aliases, longest 10 bytes, 781 bytes total\n
1331503561	18	
1331503681	17	/etc/aliases: 77 aliases, longest 10 bytes, 781 bytes total\n
1331507161	18	
1331507281	17	/etc/aliases: 77 aliases, longest 10 bytes, 781 bytes total\n
1331510761	18	
1331510881	17	/etc/aliases: 77 aliases, longest 10 bytes, 781 bytes total\n
1331514361	18	
1331514481	17	/etc/aliases: 77 aliases, longest 10 bytes, 781 bytes total\n
1331517603	23	Unable to find CVSROOT dir. Configured value is:Unable to find SVNROOT dir. Configured value is:/svnroot
1331517961	18	
1331518081	17	/etc/aliases: 77 aliases, longest 10 bytes, 781 bytes total\n
1331521561	18	
1331521681	17	/etc/aliases: 77 aliases, longest 10 bytes, 781 bytes total\n
1331525161	18	
1331525282	17	/etc/aliases: 77 aliases, longest 10 bytes, 781 bytes total\n
1331528761	18	
1331528882	17	/etc/aliases: 77 aliases, longest 10 bytes, 781 bytes total\n
1331532361	18	
1331532482	17	/etc/aliases: 77 aliases, longest 10 bytes, 781 bytes total\n
1331535961	18	
1331536081	17	/etc/aliases: 77 aliases, longest 10 bytes, 781 bytes total\n
1331539561	18	
1331539681	17	/etc/aliases: 77 aliases, longest 10 bytes, 781 bytes total\n
1331543161	18	
1331543281	17	/etc/aliases: 77 aliases, longest 10 bytes, 781 bytes total\n
1331546761	18	
1331546881	17	/etc/aliases: 77 aliases, longest 10 bytes, 781 bytes total\n
1331550361	18	
1331550481	17	/etc/aliases: 77 aliases, longest 10 bytes, 781 bytes total\n
1331553962	18	
1331554081	17	/etc/aliases: 77 aliases, longest 10 bytes, 781 bytes total\n
1331557561	18	
1331557681	17	/etc/aliases: 77 aliases, longest 10 bytes, 781 bytes total\n
1331561161	18	
1331561281	17	/etc/aliases: 77 aliases, longest 10 bytes, 781 bytes total\n
1331564761	18	
1331564881	17	/etc/aliases: 77 aliases, longest 10 bytes, 781 bytes total\n
1331316361	18	
1331316482	17	/etc/aliases: 77 aliases, longest 10 bytes, 781 bytes total\n
1331319961	18	
1331320081	17	/etc/aliases: 77 aliases, longest 10 bytes, 781 bytes total\n
1331323561	18	
1331323681	17	/etc/aliases: 77 aliases, longest 10 bytes, 781 bytes total\n
1331327161	18	
1331327281	17	/etc/aliases: 77 aliases, longest 10 bytes, 781 bytes total\n
1331330761	18	
1331330881	17	/etc/aliases: 77 aliases, longest 10 bytes, 781 bytes total\n
1331334361	18	
1331334481	17	/etc/aliases: 77 aliases, longest 10 bytes, 781 bytes total\n
1331337961	18	
1331338081	17	/etc/aliases: 77 aliases, longest 10 bytes, 781 bytes total\n
1331341562	18	
1331341681	17	/etc/aliases: 77 aliases, longest 10 bytes, 781 bytes total\n
1331344803	23	Unable to find CVSROOT dir. Configured value is:Unable to find SVNROOT dir. Configured value is:/svnroot
1331345161	18	
1331345282	17	/etc/aliases: 77 aliases, longest 10 bytes, 781 bytes total\n
1331348762	18	
1331348881	17	/etc/aliases: 77 aliases, longest 10 bytes, 781 bytes total\n
1331352361	18	
1331352481	17	/etc/aliases: 77 aliases, longest 10 bytes, 781 bytes total\n
1331355961	18	
1331356082	17	/etc/aliases: 77 aliases, longest 10 bytes, 781 bytes total\n
1331359562	18	
1331359681	17	/etc/aliases: 77 aliases, longest 10 bytes, 781 bytes total\n
1331363162	18	
1331363281	17	/etc/aliases: 77 aliases, longest 10 bytes, 781 bytes total\n
1331366762	18	
1331366881	17	/etc/aliases: 77 aliases, longest 10 bytes, 781 bytes total\n
1331370361	18	
1331370481	17	/etc/aliases: 77 aliases, longest 10 bytes, 781 bytes total\n
1331373962	18	
1331374081	17	/etc/aliases: 77 aliases, longest 10 bytes, 781 bytes total\n
1331377562	18	
1331377681	17	/etc/aliases: 77 aliases, longest 10 bytes, 781 bytes total\n
1331381162	18	
1331381281	17	/etc/aliases: 77 aliases, longest 10 bytes, 781 bytes total\n
1331384762	18	
1331384881	17	/etc/aliases: 77 aliases, longest 10 bytes, 781 bytes total\n
1331388362	18	
1331388481	17	/etc/aliases: 77 aliases, longest 10 bytes, 781 bytes total\n
1331391961	18	
1331392083	17	/etc/aliases: 77 aliases, longest 10 bytes, 781 bytes total\n
1331395561	18	
1331395682	17	/etc/aliases: 77 aliases, longest 10 bytes, 781 bytes total\n
1331399161	18	
1331399281	17	/etc/aliases: 77 aliases, longest 10 bytes, 781 bytes total\n
1331402761	18	
1331402881	17	/etc/aliases: 77 aliases, longest 10 bytes, 781 bytes total\n
1331406361	18	
1331406481	17	/etc/aliases: 77 aliases, longest 10 bytes, 781 bytes total\n
1331409961	18	
1331410081	17	/etc/aliases: 77 aliases, longest 10 bytes, 781 bytes total\n
1331413561	18	
1331413681	17	/etc/aliases: 77 aliases, longest 10 bytes, 781 bytes total\n
1331417161	18	
1331417281	17	/etc/aliases: 77 aliases, longest 10 bytes, 781 bytes total\n
1331420761	18	
1331420881	17	/etc/aliases: 77 aliases, longest 10 bytes, 781 bytes total\n
1331424361	18	
1331424481	17	/etc/aliases: 77 aliases, longest 10 bytes, 781 bytes total\n
1331427964	18	
1331428081	17	/etc/aliases: 77 aliases, longest 10 bytes, 781 bytes total\n
1331431203	23	Unable to find CVSROOT dir. Configured value is:Unable to find SVNROOT dir. Configured value is:/svnroot
1331431561	18	
1331431681	17	/etc/aliases: 77 aliases, longest 10 bytes, 781 bytes total\n
1331435163	18	
1331435281	17	/etc/aliases: 77 aliases, longest 10 bytes, 781 bytes total\n
1331438762	18	
1331438881	17	/etc/aliases: 77 aliases, longest 10 bytes, 781 bytes total\n
1331442362	18	
1331442481	17	/etc/aliases: 77 aliases, longest 10 bytes, 781 bytes total\n
1331445961	18	
1331446082	17	/etc/aliases: 77 aliases, longest 10 bytes, 781 bytes total\n
1331449561	18	
1331449682	17	/etc/aliases: 77 aliases, longest 10 bytes, 781 bytes total\n
1331453161	18	
1331453281	17	/etc/aliases: 77 aliases, longest 10 bytes, 781 bytes total\n
1331456761	18	
1331456882	17	/etc/aliases: 77 aliases, longest 10 bytes, 781 bytes total\n
1331460361	18	
1331460481	17	/etc/aliases: 77 aliases, longest 10 bytes, 781 bytes total\n
1331463961	18	
1331464081	17	/etc/aliases: 77 aliases, longest 10 bytes, 781 bytes total\n
1331467561	18	
1331467681	17	/etc/aliases: 77 aliases, longest 10 bytes, 781 bytes total\n
1331471162	18	
1331471281	17	/etc/aliases: 77 aliases, longest 10 bytes, 781 bytes total\n
1331474762	18	
1331474881	17	/etc/aliases: 77 aliases, longest 10 bytes, 781 bytes total\n
1331478362	18	
1331478481	17	/etc/aliases: 77 aliases, longest 10 bytes, 781 bytes total\n
1331481961	18	
1331482082	17	/etc/aliases: 77 aliases, longest 10 bytes, 781 bytes total\n
1331485561	18	
1331485682	17	/etc/aliases: 77 aliases, longest 10 bytes, 781 bytes total\n
1331489161	18	
1331489282	17	/etc/aliases: 77 aliases, longest 10 bytes, 781 bytes total\n
1331492761	18	
1331492881	17	/etc/aliases: 77 aliases, longest 10 bytes, 781 bytes total\n
1331496363	18	
1331496482	17	/etc/aliases: 77 aliases, longest 10 bytes, 781 bytes total\n
1331499961	18	
1331500082	17	/etc/aliases: 77 aliases, longest 10 bytes, 781 bytes total\n
1331503561	18	
1331503681	17	/etc/aliases: 77 aliases, longest 10 bytes, 781 bytes total\n
1331507161	18	
1331507281	17	/etc/aliases: 77 aliases, longest 10 bytes, 781 bytes total\n
1331510761	18	
1331510881	17	/etc/aliases: 77 aliases, longest 10 bytes, 781 bytes total\n
1331514361	18	
1331514481	17	/etc/aliases: 77 aliases, longest 10 bytes, 781 bytes total\n
1331517603	23	Unable to find CVSROOT dir. Configured value is:Unable to find SVNROOT dir. Configured value is:/svnroot
1331517961	18	
1331518081	17	/etc/aliases: 77 aliases, longest 10 bytes, 781 bytes total\n
1331521561	18	
1331521681	17	/etc/aliases: 77 aliases, longest 10 bytes, 781 bytes total\n
1331525161	18	
1331525282	17	/etc/aliases: 77 aliases, longest 10 bytes, 781 bytes total\n
1331528761	18	
1331528882	17	/etc/aliases: 77 aliases, longest 10 bytes, 781 bytes total\n
1331532361	18	
1331532482	17	/etc/aliases: 77 aliases, longest 10 bytes, 781 bytes total\n
1331535961	18	
1331536081	17	/etc/aliases: 77 aliases, longest 10 bytes, 781 bytes total\n
1331539561	18	
1331539681	17	/etc/aliases: 77 aliases, longest 10 bytes, 781 bytes total\n
1331543161	18	
1331543281	17	/etc/aliases: 77 aliases, longest 10 bytes, 781 bytes total\n
1331546761	18	
1331546881	17	/etc/aliases: 77 aliases, longest 10 bytes, 781 bytes total\n
1331550361	18	
1331550481	17	/etc/aliases: 77 aliases, longest 10 bytes, 781 bytes total\n
1331553962	18	
1331554081	17	/etc/aliases: 77 aliases, longest 10 bytes, 781 bytes total\n
1331557561	18	
1331557681	17	/etc/aliases: 77 aliases, longest 10 bytes, 781 bytes total\n
1331561161	18	
1331561281	17	/etc/aliases: 77 aliases, longest 10 bytes, 781 bytes total\n
1331564761	18	
1331564881	17	/etc/aliases: 77 aliases, longest 10 bytes, 781 bytes total\n
1331316361	18	
1331316482	17	/etc/aliases: 77 aliases, longest 10 bytes, 781 bytes total\n
1331319961	18	
1331320081	17	/etc/aliases: 77 aliases, longest 10 bytes, 781 bytes total\n
1331323561	18	
1331323681	17	/etc/aliases: 77 aliases, longest 10 bytes, 781 bytes total\n
1331327161	18	
1331327281	17	/etc/aliases: 77 aliases, longest 10 bytes, 781 bytes total\n
1331330761	18	
1331330881	17	/etc/aliases: 77 aliases, longest 10 bytes, 781 bytes total\n
1331334361	18	
1331334481	17	/etc/aliases: 77 aliases, longest 10 bytes, 781 bytes total\n
1331337961	18	
1331338081	17	/etc/aliases: 77 aliases, longest 10 bytes, 781 bytes total\n
1331341562	18	
1331341681	17	/etc/aliases: 77 aliases, longest 10 bytes, 781 bytes total\n
1331344803	23	Unable to find CVSROOT dir. Configured value is:Unable to find SVNROOT dir. Configured value is:/svnroot
1331345161	18	
1331345282	17	/etc/aliases: 77 aliases, longest 10 bytes, 781 bytes total\n
1331348762	18	
1331348881	17	/etc/aliases: 77 aliases, longest 10 bytes, 781 bytes total\n
1331352361	18	
1331352481	17	/etc/aliases: 77 aliases, longest 10 bytes, 781 bytes total\n
1331355961	18	
1331356082	17	/etc/aliases: 77 aliases, longest 10 bytes, 781 bytes total\n
1331359562	18	
1331359681	17	/etc/aliases: 77 aliases, longest 10 bytes, 781 bytes total\n
1331363162	18	
1331363281	17	/etc/aliases: 77 aliases, longest 10 bytes, 781 bytes total\n
1331366762	18	
1331366881	17	/etc/aliases: 77 aliases, longest 10 bytes, 781 bytes total\n
1331370361	18	
1331370481	17	/etc/aliases: 77 aliases, longest 10 bytes, 781 bytes total\n
1331373962	18	
1331374081	17	/etc/aliases: 77 aliases, longest 10 bytes, 781 bytes total\n
1331377562	18	
1331377681	17	/etc/aliases: 77 aliases, longest 10 bytes, 781 bytes total\n
1331381162	18	
1331381281	17	/etc/aliases: 77 aliases, longest 10 bytes, 781 bytes total\n
1331384762	18	
1331384881	17	/etc/aliases: 77 aliases, longest 10 bytes, 781 bytes total\n
1331388362	18	
1331388481	17	/etc/aliases: 77 aliases, longest 10 bytes, 781 bytes total\n
1331391961	18	
1331392083	17	/etc/aliases: 77 aliases, longest 10 bytes, 781 bytes total\n
1331395561	18	
1331395682	17	/etc/aliases: 77 aliases, longest 10 bytes, 781 bytes total\n
1331399161	18	
1331399281	17	/etc/aliases: 77 aliases, longest 10 bytes, 781 bytes total\n
1331402761	18	
1331402881	17	/etc/aliases: 77 aliases, longest 10 bytes, 781 bytes total\n
1331406361	18	
1331406481	17	/etc/aliases: 77 aliases, longest 10 bytes, 781 bytes total\n
1331409961	18	
1331410081	17	/etc/aliases: 77 aliases, longest 10 bytes, 781 bytes total\n
1331413561	18	
1331413681	17	/etc/aliases: 77 aliases, longest 10 bytes, 781 bytes total\n
1331417161	18	
1331417281	17	/etc/aliases: 77 aliases, longest 10 bytes, 781 bytes total\n
1331420761	18	
1331420881	17	/etc/aliases: 77 aliases, longest 10 bytes, 781 bytes total\n
1331424361	18	
1331424481	17	/etc/aliases: 77 aliases, longest 10 bytes, 781 bytes total\n
1331427964	18	
1331428081	17	/etc/aliases: 77 aliases, longest 10 bytes, 781 bytes total\n
1331431203	23	Unable to find CVSROOT dir. Configured value is:Unable to find SVNROOT dir. Configured value is:/svnroot
1331431561	18	
1331431681	17	/etc/aliases: 77 aliases, longest 10 bytes, 781 bytes total\n
1331435163	18	
1331435281	17	/etc/aliases: 77 aliases, longest 10 bytes, 781 bytes total\n
1331438762	18	
1331438881	17	/etc/aliases: 77 aliases, longest 10 bytes, 781 bytes total\n
1331442362	18	
1331442481	17	/etc/aliases: 77 aliases, longest 10 bytes, 781 bytes total\n
1331445961	18	
1331446082	17	/etc/aliases: 77 aliases, longest 10 bytes, 781 bytes total\n
1331449561	18	
1331449682	17	/etc/aliases: 77 aliases, longest 10 bytes, 781 bytes total\n
1331453161	18	
1331453281	17	/etc/aliases: 77 aliases, longest 10 bytes, 781 bytes total\n
1331456761	18	
1331456882	17	/etc/aliases: 77 aliases, longest 10 bytes, 781 bytes total\n
1331460361	18	
1331460481	17	/etc/aliases: 77 aliases, longest 10 bytes, 781 bytes total\n
1331463961	18	
1331464081	17	/etc/aliases: 77 aliases, longest 10 bytes, 781 bytes total\n
1331467561	18	
1331467681	17	/etc/aliases: 77 aliases, longest 10 bytes, 781 bytes total\n
1331471162	18	
1331471281	17	/etc/aliases: 77 aliases, longest 10 bytes, 781 bytes total\n
1331474762	18	
1331474881	17	/etc/aliases: 77 aliases, longest 10 bytes, 781 bytes total\n
1331478362	18	
1331478481	17	/etc/aliases: 77 aliases, longest 10 bytes, 781 bytes total\n
1331481961	18	
1331482082	17	/etc/aliases: 77 aliases, longest 10 bytes, 781 bytes total\n
1331485561	18	
1331485682	17	/etc/aliases: 77 aliases, longest 10 bytes, 781 bytes total\n
1331489161	18	
1331489282	17	/etc/aliases: 77 aliases, longest 10 bytes, 781 bytes total\n
1331492761	18	
1331492881	17	/etc/aliases: 77 aliases, longest 10 bytes, 781 bytes total\n
1331496363	18	
1331496482	17	/etc/aliases: 77 aliases, longest 10 bytes, 781 bytes total\n
1331499961	18	
1331500082	17	/etc/aliases: 77 aliases, longest 10 bytes, 781 bytes total\n
1331503561	18	
1331503681	17	/etc/aliases: 77 aliases, longest 10 bytes, 781 bytes total\n
1331507161	18	
1331507281	17	/etc/aliases: 77 aliases, longest 10 bytes, 781 bytes total\n
1331510761	18	
1331510881	17	/etc/aliases: 77 aliases, longest 10 bytes, 781 bytes total\n
1331514361	18	
1331514481	17	/etc/aliases: 77 aliases, longest 10 bytes, 781 bytes total\n
1331517603	23	Unable to find CVSROOT dir. Configured value is:Unable to find SVNROOT dir. Configured value is:/svnroot
1331517961	18	
1331518081	17	/etc/aliases: 77 aliases, longest 10 bytes, 781 bytes total\n
1331521561	18	
1331521681	17	/etc/aliases: 77 aliases, longest 10 bytes, 781 bytes total\n
1331525161	18	
1331525282	17	/etc/aliases: 77 aliases, longest 10 bytes, 781 bytes total\n
1331528761	18	
1331528882	17	/etc/aliases: 77 aliases, longest 10 bytes, 781 bytes total\n
1331532361	18	
1331532482	17	/etc/aliases: 77 aliases, longest 10 bytes, 781 bytes total\n
1331535961	18	
1331536081	17	/etc/aliases: 77 aliases, longest 10 bytes, 781 bytes total\n
1331539561	18	
1331539681	17	/etc/aliases: 77 aliases, longest 10 bytes, 781 bytes total\n
1331543161	18	
1331543281	17	/etc/aliases: 77 aliases, longest 10 bytes, 781 bytes total\n
1331546761	18	
1331546881	17	/etc/aliases: 77 aliases, longest 10 bytes, 781 bytes total\n
1331550361	18	
1331550481	17	/etc/aliases: 77 aliases, longest 10 bytes, 781 bytes total\n
1331553962	18	
1331554081	17	/etc/aliases: 77 aliases, longest 10 bytes, 781 bytes total\n
1331557561	18	
1331557681	17	/etc/aliases: 77 aliases, longest 10 bytes, 781 bytes total\n
1331561161	18	
1331561281	17	/etc/aliases: 77 aliases, longest 10 bytes, 781 bytes total\n
1331564761	18	
1331564881	17	/etc/aliases: 77 aliases, longest 10 bytes, 781 bytes total\n
1331316361	18	
1331316482	17	/etc/aliases: 77 aliases, longest 10 bytes, 781 bytes total\n
1331319961	18	
1331320081	17	/etc/aliases: 77 aliases, longest 10 bytes, 781 bytes total\n
1331323561	18	
1331323681	17	/etc/aliases: 77 aliases, longest 10 bytes, 781 bytes total\n
1331327161	18	
1331327281	17	/etc/aliases: 77 aliases, longest 10 bytes, 781 bytes total\n
1331330761	18	
1331330881	17	/etc/aliases: 77 aliases, longest 10 bytes, 781 bytes total\n
1331334361	18	
1331334481	17	/etc/aliases: 77 aliases, longest 10 bytes, 781 bytes total\n
1331337961	18	
1331338081	17	/etc/aliases: 77 aliases, longest 10 bytes, 781 bytes total\n
1331341562	18	
1331341681	17	/etc/aliases: 77 aliases, longest 10 bytes, 781 bytes total\n
1331344803	23	Unable to find CVSROOT dir. Configured value is:Unable to find SVNROOT dir. Configured value is:/svnroot
1331345161	18	
1331345282	17	/etc/aliases: 77 aliases, longest 10 bytes, 781 bytes total\n
1331348762	18	
1331348881	17	/etc/aliases: 77 aliases, longest 10 bytes, 781 bytes total\n
1331352361	18	
1331352481	17	/etc/aliases: 77 aliases, longest 10 bytes, 781 bytes total\n
1331355961	18	
1331356082	17	/etc/aliases: 77 aliases, longest 10 bytes, 781 bytes total\n
1331359562	18	
1331359681	17	/etc/aliases: 77 aliases, longest 10 bytes, 781 bytes total\n
1331363162	18	
1331363281	17	/etc/aliases: 77 aliases, longest 10 bytes, 781 bytes total\n
1331366762	18	
1331366881	17	/etc/aliases: 77 aliases, longest 10 bytes, 781 bytes total\n
1331370361	18	
1331370481	17	/etc/aliases: 77 aliases, longest 10 bytes, 781 bytes total\n
1331373962	18	
1331374081	17	/etc/aliases: 77 aliases, longest 10 bytes, 781 bytes total\n
1331377562	18	
1331377681	17	/etc/aliases: 77 aliases, longest 10 bytes, 781 bytes total\n
1331381162	18	
1331381281	17	/etc/aliases: 77 aliases, longest 10 bytes, 781 bytes total\n
1331384762	18	
1331384881	17	/etc/aliases: 77 aliases, longest 10 bytes, 781 bytes total\n
1331388362	18	
1331388481	17	/etc/aliases: 77 aliases, longest 10 bytes, 781 bytes total\n
1331391961	18	
1331392083	17	/etc/aliases: 77 aliases, longest 10 bytes, 781 bytes total\n
1331395561	18	
1331395682	17	/etc/aliases: 77 aliases, longest 10 bytes, 781 bytes total\n
1331399161	18	
1331399281	17	/etc/aliases: 77 aliases, longest 10 bytes, 781 bytes total\n
1331402761	18	
1331402881	17	/etc/aliases: 77 aliases, longest 10 bytes, 781 bytes total\n
1331406361	18	
1331406481	17	/etc/aliases: 77 aliases, longest 10 bytes, 781 bytes total\n
1331409961	18	
1331410081	17	/etc/aliases: 77 aliases, longest 10 bytes, 781 bytes total\n
1331413561	18	
1331413681	17	/etc/aliases: 77 aliases, longest 10 bytes, 781 bytes total\n
1331417161	18	
1331417281	17	/etc/aliases: 77 aliases, longest 10 bytes, 781 bytes total\n
1331420761	18	
1331420881	17	/etc/aliases: 77 aliases, longest 10 bytes, 781 bytes total\n
1331424361	18	
1331424481	17	/etc/aliases: 77 aliases, longest 10 bytes, 781 bytes total\n
1331427964	18	
1331428081	17	/etc/aliases: 77 aliases, longest 10 bytes, 781 bytes total\n
1331431203	23	Unable to find CVSROOT dir. Configured value is:Unable to find SVNROOT dir. Configured value is:/svnroot
1331431561	18	
1331431681	17	/etc/aliases: 77 aliases, longest 10 bytes, 781 bytes total\n
1331435163	18	
1331435281	17	/etc/aliases: 77 aliases, longest 10 bytes, 781 bytes total\n
1331438762	18	
1331438881	17	/etc/aliases: 77 aliases, longest 10 bytes, 781 bytes total\n
1331442362	18	
1331442481	17	/etc/aliases: 77 aliases, longest 10 bytes, 781 bytes total\n
1331445961	18	
1331446082	17	/etc/aliases: 77 aliases, longest 10 bytes, 781 bytes total\n
1331449561	18	
1331449682	17	/etc/aliases: 77 aliases, longest 10 bytes, 781 bytes total\n
1331453161	18	
1331453281	17	/etc/aliases: 77 aliases, longest 10 bytes, 781 bytes total\n
1331456761	18	
1331456882	17	/etc/aliases: 77 aliases, longest 10 bytes, 781 bytes total\n
1331460361	18	
1331460481	17	/etc/aliases: 77 aliases, longest 10 bytes, 781 bytes total\n
1331463961	18	
1331464081	17	/etc/aliases: 77 aliases, longest 10 bytes, 781 bytes total\n
1331467561	18	
1331467681	17	/etc/aliases: 77 aliases, longest 10 bytes, 781 bytes total\n
1331471162	18	
1331471281	17	/etc/aliases: 77 aliases, longest 10 bytes, 781 bytes total\n
1331474762	18	
1331474881	17	/etc/aliases: 77 aliases, longest 10 bytes, 781 bytes total\n
1331478362	18	
1331478481	17	/etc/aliases: 77 aliases, longest 10 bytes, 781 bytes total\n
1331481961	18	
1331482082	17	/etc/aliases: 77 aliases, longest 10 bytes, 781 bytes total\n
1331485561	18	
1331485682	17	/etc/aliases: 77 aliases, longest 10 bytes, 781 bytes total\n
1331489161	18	
1331489282	17	/etc/aliases: 77 aliases, longest 10 bytes, 781 bytes total\n
1331492761	18	
1331492881	17	/etc/aliases: 77 aliases, longest 10 bytes, 781 bytes total\n
1331496363	18	
1331496482	17	/etc/aliases: 77 aliases, longest 10 bytes, 781 bytes total\n
1331499961	18	
1331500082	17	/etc/aliases: 77 aliases, longest 10 bytes, 781 bytes total\n
1331503561	18	
1331503681	17	/etc/aliases: 77 aliases, longest 10 bytes, 781 bytes total\n
1331507161	18	
1331507281	17	/etc/aliases: 77 aliases, longest 10 bytes, 781 bytes total\n
1331510761	18	
1331510881	17	/etc/aliases: 77 aliases, longest 10 bytes, 781 bytes total\n
1331514361	18	
1331514481	17	/etc/aliases: 77 aliases, longest 10 bytes, 781 bytes total\n
1331517603	23	Unable to find CVSROOT dir. Configured value is:Unable to find SVNROOT dir. Configured value is:/svnroot
1331517961	18	
1331518081	17	/etc/aliases: 77 aliases, longest 10 bytes, 781 bytes total\n
1331521561	18	
1331521681	17	/etc/aliases: 77 aliases, longest 10 bytes, 781 bytes total\n
1331525161	18	
1331525282	17	/etc/aliases: 77 aliases, longest 10 bytes, 781 bytes total\n
1331528761	18	
1331528882	17	/etc/aliases: 77 aliases, longest 10 bytes, 781 bytes total\n
1331532361	18	
1331532482	17	/etc/aliases: 77 aliases, longest 10 bytes, 781 bytes total\n
1331535961	18	
1331536081	17	/etc/aliases: 77 aliases, longest 10 bytes, 781 bytes total\n
1331539561	18	
1331539681	17	/etc/aliases: 77 aliases, longest 10 bytes, 781 bytes total\n
1331543161	18	
1331543281	17	/etc/aliases: 77 aliases, longest 10 bytes, 781 bytes total\n
1331546761	18	
1331546881	17	/etc/aliases: 77 aliases, longest 10 bytes, 781 bytes total\n
1331550361	18	
1331550481	17	/etc/aliases: 77 aliases, longest 10 bytes, 781 bytes total\n
1331553962	18	
1331554081	17	/etc/aliases: 77 aliases, longest 10 bytes, 781 bytes total\n
1331557561	18	
1331557681	17	/etc/aliases: 77 aliases, longest 10 bytes, 781 bytes total\n
1331561161	18	
1331561281	17	/etc/aliases: 77 aliases, longest 10 bytes, 781 bytes total\n
1331564761	18	
1331564881	17	/etc/aliases: 77 aliases, longest 10 bytes, 781 bytes total\n
\.


--
-- Data for Name: database_changes; Type: TABLE DATA; Schema: public; Owner: gforge
--

COPY database_changes (filename) FROM stdin;
20100308-drop-forum-attachment-type.sql
20100308-forum-attachment-types.sql
20100330-add-system-event.sql
20100331-alter-system-event.sql
20100402_add_query_options.sql
20100505-alter-user-preference.sql
20100506-add-widgets.sql
20100517-add-project-widgets.sql
20100518-pfo-rbac.sql
20100524-pfo-rbac.sql
20100606-clean-perm-views.sql
20100610-pfo-rbac.sql
20100730-docman.sql
20100924-theme.sql
20100926-pfo-rbac.sql
20100927-pfo-rbac.sql
20101012-docman-webdav.sql
20101021-pfo-rbac.sql
20101024-docman-createonline.sql
20101025-ipv6.sql
20101027-docman-lock.sql
20101029-docman-monitoring.sql
20101105-pfo-rbac.sql
20101213-project-template.sql
20110110-pw-size.sql
20110405-forum_attachment_fix-bug284.sql
20110408-anonymous-read-news.sql
20110414-move-news-forums-to-own-project.sql
20110701-gforge-5.1.sql
20110728-fix-mta-lists-view.sql
20111007-add-fti-for-task-messages.sql
20111007-fti-aggregate-functions.sql
20111009-string-aggregate-function.sql
20100308-drop-forum-attachment-type.sql
20100308-forum-attachment-types.sql
20100330-add-system-event.sql
20100331-alter-system-event.sql
20100402_add_query_options.sql
20100505-alter-user-preference.sql
20100506-add-widgets.sql
20100517-add-project-widgets.sql
20100518-pfo-rbac.sql
20100524-pfo-rbac.sql
20100606-clean-perm-views.sql
20100610-pfo-rbac.sql
20100730-docman.sql
20100924-theme.sql
20100926-pfo-rbac.sql
20100927-pfo-rbac.sql
20101012-docman-webdav.sql
20101021-pfo-rbac.sql
20101024-docman-createonline.sql
20101025-ipv6.sql
20101027-docman-lock.sql
20101029-docman-monitoring.sql
20101105-pfo-rbac.sql
20101213-project-template.sql
20110110-pw-size.sql
20110405-forum_attachment_fix-bug284.sql
20110408-anonymous-read-news.sql
20110414-move-news-forums-to-own-project.sql
20110701-gforge-5.1.sql
20110728-fix-mta-lists-view.sql
20111007-add-fti-for-task-messages.sql
20111007-fti-aggregate-functions.sql
20111009-string-aggregate-function.sql
20100308-drop-forum-attachment-type.sql
20100308-forum-attachment-types.sql
20100330-add-system-event.sql
20100331-alter-system-event.sql
20100402_add_query_options.sql
20100505-alter-user-preference.sql
20100506-add-widgets.sql
20100517-add-project-widgets.sql
20100518-pfo-rbac.sql
20100524-pfo-rbac.sql
20100606-clean-perm-views.sql
20100610-pfo-rbac.sql
20100730-docman.sql
20100924-theme.sql
20100926-pfo-rbac.sql
20100927-pfo-rbac.sql
20101012-docman-webdav.sql
20101021-pfo-rbac.sql
20101024-docman-createonline.sql
20101025-ipv6.sql
20101027-docman-lock.sql
20101029-docman-monitoring.sql
20101105-pfo-rbac.sql
20101213-project-template.sql
20110110-pw-size.sql
20110405-forum_attachment_fix-bug284.sql
20110408-anonymous-read-news.sql
20110414-move-news-forums-to-own-project.sql
20110701-gforge-5.1.sql
20110728-fix-mta-lists-view.sql
20111007-add-fti-for-task-messages.sql
20111007-fti-aggregate-functions.sql
20111009-string-aggregate-function.sql
20100308-drop-forum-attachment-type.sql
20100308-forum-attachment-types.sql
20100330-add-system-event.sql
20100331-alter-system-event.sql
20100402_add_query_options.sql
20100505-alter-user-preference.sql
20100506-add-widgets.sql
20100517-add-project-widgets.sql
20100518-pfo-rbac.sql
20100524-pfo-rbac.sql
20100606-clean-perm-views.sql
20100610-pfo-rbac.sql
20100730-docman.sql
20100924-theme.sql
20100926-pfo-rbac.sql
20100927-pfo-rbac.sql
20101012-docman-webdav.sql
20101021-pfo-rbac.sql
20101024-docman-createonline.sql
20101025-ipv6.sql
20101027-docman-lock.sql
20101029-docman-monitoring.sql
20101105-pfo-rbac.sql
20101213-project-template.sql
20110110-pw-size.sql
20110405-forum_attachment_fix-bug284.sql
20110408-anonymous-read-news.sql
20110414-move-news-forums-to-own-project.sql
20110701-gforge-5.1.sql
20110728-fix-mta-lists-view.sql
20111007-add-fti-for-task-messages.sql
20111007-fti-aggregate-functions.sql
20111009-string-aggregate-function.sql
\.


--
-- Data for Name: database_startpoint; Type: TABLE DATA; Schema: public; Owner: gforge
--

COPY database_startpoint (db_version, db_start_date) FROM stdin;
4.8.50	20090507
4.8.50	20090507
4.8.50	20090507
4.8.50	20090507
\.


--
-- Data for Name: db_images; Type: TABLE DATA; Schema: public; Owner: gforge
--

COPY db_images (id, group_id, description, bin_data, filename, filesize, filetype, width, height, upload_date, version) FROM stdin;
\.


--
-- Name: db_images_pk_seq; Type: SEQUENCE SET; Schema: public; Owner: gforge
--

SELECT pg_catalog.setval('db_images_pk_seq', 1, false);


--
-- Data for Name: deleted_cem_object_git_acl; Type: TABLE DATA; Schema: public; Owner: postgres
--

COPY deleted_cem_object_git_acl (cem_git_acl_id, cem_id, user_id, permissions, deleted_date) FROM stdin;
\.


--
-- Data for Name: deleted_cem_objects; Type: TABLE DATA; Schema: public; Owner: postgres
--

COPY deleted_cem_objects (cem_id, group_id, name, parent_cem_id, last_repo_update, repo_creation_time, export_control, description, deleted_date) FROM stdin;
\.


--
-- Data for Name: deleted_cem_service_categories; Type: TABLE DATA; Schema: public; Owner: postgres
--

COPY deleted_cem_service_categories (cem_service_id, cem_id, cat_id, deleted_date) FROM stdin;
\.


--
-- Data for Name: deleted_cem_tags_join; Type: TABLE DATA; Schema: public; Owner: postgres
--

COPY deleted_cem_tags_join (join_id, cem_id, cem_tag_id, group_id, deleted_date) FROM stdin;
\.


--
-- Data for Name: deleted_service_interface; Type: TABLE DATA; Schema: public; Owner: postgres
--

COPY deleted_service_interface (interface_id, interface_data, server_id, cem_id, alias, description, deleted_date) FROM stdin;
\.


--
-- Data for Name: deleted_groups; Type: TABLE DATA; Schema: public; Owner: gforge
--

COPY deleted_groups (unix_group_name, delete_date, isdeleted) FROM stdin;
\.


--
-- Data for Name: deleted_mailing_lists; Type: TABLE DATA; Schema: public; Owner: gforge
--

COPY deleted_mailing_lists (mailing_list_name, delete_date, isdeleted) FROM stdin;
\.


--
-- Data for Name: deleted_site_activity; Type: TABLE DATA; Schema: public; Owner: postgres
--

COPY deleted_site_activity (activity_id, time_posted, user_id, type_id, object_id, ref_id, assigned_to_id, deleted_date) FROM stdin;
\.


--
-- Data for Name: deleted_site_activity_comments; Type: TABLE DATA; Schema: public; Owner: postgres
--

COPY deleted_site_activity_comments (activity_comment_id, site_activity_id, user_id, time_posted, comment, deleted_date) FROM stdin;
\.


--
-- Data for Name: doc2_files; Type: TABLE DATA; Schema: public; Owner: gforge
--

COPY doc2_files (file_id, owner_id, filename, description, modified_date, doc_group_id, size, group_id) FROM stdin;
\.


--
-- Name: doc2_files_file_id_seq; Type: SEQUENCE SET; Schema: public; Owner: gforge
--

SELECT pg_catalog.setval('doc2_files_file_id_seq', 1, false);


--
-- Data for Name: doc2_groups; Type: TABLE DATA; Schema: public; Owner: gforge
--

COPY doc2_groups (doc_group_id, group_name, owner_id, description, parent_group_id, permission_id, group_id) FROM stdin;
\.


--
-- Name: doc2_groups_doc_group_id_seq; Type: SEQUENCE SET; Schema: public; Owner: gforge
--

SELECT pg_catalog.setval('doc2_groups_doc_group_id_seq', 1, false);


--
-- Data for Name: doc_data; Type: TABLE DATA; Schema: public; Owner: gforge
--

COPY doc_data (docid, stateid, title, data, updatedate, createdate, created_by, doc_group, description, language_id, filename, filetype, group_id, filesize, data_words, reserved, reserved_by, locked, locked_by, lockdate) FROM stdin;
\.


--
-- Name: doc_data_pk_seq; Type: SEQUENCE SET; Schema: public; Owner: gforge
--

SELECT pg_catalog.setval('doc_data_pk_seq', 1, false);


--
-- Data for Name: doc_groups; Type: TABLE DATA; Schema: public; Owner: gforge
--

COPY doc_groups (doc_group, groupname, group_id, parent_doc_group, stateid) FROM stdin;
\.


--
-- Name: doc_groups_pk_seq; Type: SEQUENCE SET; Schema: public; Owner: gforge
--

SELECT pg_catalog.setval('doc_groups_pk_seq', 1, false);


--
-- Data for Name: doc_states; Type: TABLE DATA; Schema: public; Owner: gforge
--

COPY doc_states (stateid, name) FROM stdin;
1	active
2	deleted
3	pending
4	hidden
5	private
\.


--
-- Name: doc_states_pk_seq; Type: SEQUENCE SET; Schema: public; Owner: gforge
--

SELECT pg_catalog.setval('doc_states_pk_seq', 1, false);


--
-- Data for Name: docdata_monitored_docman; Type: TABLE DATA; Schema: public; Owner: gforge
--

COPY docdata_monitored_docman (monitor_id, doc_id, user_id) FROM stdin;
\.


--
-- Name: docdata_monitored_docman_pk_seq; Type: SEQUENCE SET; Schema: public; Owner: gforge
--

SELECT pg_catalog.setval('docdata_monitored_docman_pk_seq', 1, false);


--
-- Data for Name: docgroup_monitored_docman; Type: TABLE DATA; Schema: public; Owner: gforge
--

COPY docgroup_monitored_docman (monitor_id, docgroup_id, user_id) FROM stdin;
\.


--
-- Name: docgroup_monitored_docman_pk_seq; Type: SEQUENCE SET; Schema: public; Owner: gforge
--

SELECT pg_catalog.setval('docgroup_monitored_docman_pk_seq', 1, false);


--
-- Data for Name: service_interface; Type: TABLE DATA; Schema: public; Owner: gforge
--

-- COPY service_interface (interface_id, version, model_id, interface_id_str, type, name,  service_id, server_id) FROM stdin;
-- 1	1	995f865e-d90a-1004-8438-64281c6cab63	995f8660-d90a-1004-8438-64281c6cab63	interface	velocity interface	1	1
-- \.


--
-- Data for Name: service_interface; Type: TABLE DATA; Schema: public; Owner: gforge
--

COPY service (service_id, organization_id, title, description, owner_id, release_date,  service_type, tags, specifications, feature_image, project_id, from_location, type, parent, published) FROM stdin;
1	1	demo service	this is a demo service	102	2013-03-21 09:12:59.897666	type1	tag1	specification1	feature_image	1	marketplace	type 1	parent 1	true
2	1	demo service	this is a demo service	102	2013-03-21 09:12:59.897666	type1	tag1	specification1	feature_image	1	marketplace	type 1	parent 1	true
\.


--
-- Name: service_interface_interface_id_seq; Type: SEQUENCE SET; Schema: public; Owner: postgres
--

SELECT pg_catalog.setval('service_interface_interface_id_seq', 1, false);


--
-- Name: service_interface_interface_id_seq1; Type: SEQUENCE SET; Schema: public; Owner: gforge
--

SELECT pg_catalog.setval('service_interface_interface_id_seq1', 1, true);


--
-- Name: service_service_id_seq; Type: SEQUENCE SET; Schema: public; Owner: gforge
--

SELECT pg_catalog.setval('service_service_id_seq', 2, true);

--
-- Data for Name: filemodule_monitor; Type: TABLE DATA; Schema: public; Owner: gforge
--

COPY filemodule_monitor (id, filemodule_id, user_id) FROM stdin;
\.


--
-- Name: filemodule_monitor_pk_seq; Type: SEQUENCE SET; Schema: public; Owner: gforge
--

SELECT pg_catalog.setval('filemodule_monitor_pk_seq', 1, false);


--
-- Data for Name: form_keys; Type: TABLE DATA; Schema: public; Owner: gforge
--

COPY form_keys (key_id, key, creation_date, is_used) FROM stdin;
1	540db0c79c7dec42862ab7813f83dfe8	1442419446	0
2	ae23ae38a606ce9a00ac0d67abc22985	1442428324	0
3	f6dad502c6e9a890a57c3058fc16a2a6	1442495705	1
4	7543992060f14dbe6c32a54e0273a03b	1442495725	1
5	63de542fa83cb15a25a8247b27adf482	1442500065	0
6	e72ed72c49f68392260a2e2fc03d8799	1442548273	0
7	01f7a84bafcb40a1074ace661ee2cfa5	1442569793	0
8	ab11f02c1634d3aa702c2ea9795dce88	1442835735	0
9	49f2aa8b267ab32b673eb8ac245d76e9	1442835822	0
10	d4b0a91d035621841264dc5613e3941c	1442836037	0
11	0ae9a3d1bb4f40cee41a324c1c2d2613	1442836055	0
12	5185fc953b9a378c952eaa4f7f952e87	1442836147	0
13	013b42ec7bfbc787b286032580584b2b	1442836183	0
14	4ab3e0cb9e3bb43b69d349b4b38a36d9	1442836218	0
15	7e5d221b5e931887df07d207fdaf5630	1442836297	0
16	5937515eaffa32a88d022b9520bbfe6f	1442848587	0
17	743a88e3fcb357aca6168cdb783b15dd	1442974301	0
18	e32832dcbb64ae7d50c350f674ac60bf	1442982446	0
19	36fa263a7b26cd682acbd8e67504f81f	1443099252	0
20	1eacc01065e46bc34fc4a1b19871eab7	1443288476	0
21	0df1f3edbdb0c99876c55b3f91279aaf	1443401002	0
22	cd1ed23efe34b287c150b933487b07b2	1443623842	0
23	5d616ed57f4458236b95954f667aa692	1443698819	0
24	91c207cecfcfa5f99a2d1415a574ce57	1443720674	0
25	726c9ee4fb1d84c16377b18441cc82cc	1443990628	1
26	799a94bb4a4a9470366492ef87b77be6	1443990629	0
27	d9742094602606a992269f9fb4db32c9	1443998388	1
28	2a7e7b667ec217ede739d85aeaf6454d	1443998389	0
29	6a6943236dc52264408e2b08ef893516	1444161078	0
30	5606726f32a2ded126764b1e4249d763	1446037056	0
31	67b635decae8708ffcbb16b8405f0496	1446052270	0
32	797f9c6ba6f85d411613a26bde3cf75b	1446117603	0
33	1aabb55bbf1d7f143465c10e8cfa4cef	1446124136	0
34	65e727430f0637c0b52469670c60365a	1446135255	0
35	120e170760004f9814e71bef9f8151dd	1446161918	0
36	7cc7297beb688b79244a8bcd2aa9e7b9	1446182474	0
37	00373a5562015f620383e13d855c497e	1446230951	0
38	dcb8781a8f7322459ecc2cfbb8fc539c	1446477759	1
39	1437b859e29622109f9afb47e8b91148	1446502847	1
40	9435dc2a9682858f68e4bf90e4a16841	1446505283	0
41	fcf15012dd1ded1fee03a9b0528fe69d	1446505300	1
\.


--
-- Name: form_keys_key_id_seq; Type: SEQUENCE SET; Schema: public; Owner: gforge
--

SELECT pg_catalog.setval('form_keys_key_id_seq', 41, true);


--
-- Data for Name: forum; Type: TABLE DATA; Schema: public; Owner: gforge
--

COPY forum (msg_id, group_forum_id, posted_by, subject, body, post_date, is_followup_to, thread_id, has_followups, most_recent_date) FROM stdin;
\.


--
-- Data for Name: forum_agg_msg_count; Type: TABLE DATA; Schema: public; Owner: gforge
--

COPY forum_agg_msg_count (group_forum_id, count) FROM stdin;
\.


--
-- Data for Name: forum_attachment; Type: TABLE DATA; Schema: public; Owner: gforge
--

COPY forum_attachment (attachmentid, userid, dateline, filename, filedata, visible, counter, filesize, msg_id, filehash, mimetype) FROM stdin;
\.


--
-- Name: forum_attachment_attachmentid_seq; Type: SEQUENCE SET; Schema: public; Owner: gforge
--

SELECT pg_catalog.setval('forum_attachment_attachmentid_seq', 1, false);


--
-- Data for Name: forum_group_list; Type: TABLE DATA; Schema: public; Owner: gforge
--

COPY forum_group_list (group_forum_id, group_id, forum_name, is_public, description, allow_anonymous, send_all_posts_to, moderation_level) FROM stdin;
\.


--
-- Name: forum_group_list_pk_seq; Type: SEQUENCE SET; Schema: public; Owner: gforge
--

SELECT pg_catalog.setval('forum_group_list_pk_seq', 1, false);


--
-- Data for Name: forum_messages; Type: TABLE DATA; Schema: public; Owner: gforge
--

COPY forum_messages (message_id, user_id, body, time_posted, topic_id, reply_to) FROM stdin;
\.


--
-- Name: forum_messages_message_id_seq; Type: SEQUENCE SET; Schema: public; Owner: gforge
--

SELECT pg_catalog.setval('forum_messages_message_id_seq', 1, false);


--
-- Data for Name: forum_monitored_forums; Type: TABLE DATA; Schema: public; Owner: gforge
--

COPY forum_monitored_forums (monitor_id, forum_id, user_id) FROM stdin;
\.


--
-- Name: forum_monitored_forums_pk_seq; Type: SEQUENCE SET; Schema: public; Owner: gforge
--

SELECT pg_catalog.setval('forum_monitored_forums_pk_seq', 1, false);


--
-- Data for Name: forum_pending_attachment; Type: TABLE DATA; Schema: public; Owner: gforge
--

COPY forum_pending_attachment (attachmentid, userid, dateline, filename, filedata, visible, counter, filesize, msg_id, filehash, mimetype) FROM stdin;
\.


--
-- Name: forum_pending_attachment_attachmentid_seq; Type: SEQUENCE SET; Schema: public; Owner: gforge
--

SELECT pg_catalog.setval('forum_pending_attachment_attachmentid_seq', 1, false);


--
-- Data for Name: forum_pending_messages; Type: TABLE DATA; Schema: public; Owner: gforge
--

COPY forum_pending_messages (msg_id, group_forum_id, posted_by, subject, body, post_date, is_followup_to, thread_id, has_followups, most_recent_date) FROM stdin;
\.


--
-- Name: forum_pending_messages_msg_id_seq; Type: SEQUENCE SET; Schema: public; Owner: gforge
--

SELECT pg_catalog.setval('forum_pending_messages_msg_id_seq', 1, false);


--
-- Name: forum_pk_seq; Type: SEQUENCE SET; Schema: public; Owner: gforge
--

SELECT pg_catalog.setval('forum_pk_seq', 1, false);


--
-- Data for Name: forum_saved_place; Type: TABLE DATA; Schema: public; Owner: gforge
--

COPY forum_saved_place (saved_place_id, user_id, forum_id, save_date) FROM stdin;
\.


--
-- Name: forum_saved_place_pk_seq; Type: SEQUENCE SET; Schema: public; Owner: gforge
--

SELECT pg_catalog.setval('forum_saved_place_pk_seq', 1, false);


--
-- Name: forum_thread_seq; Type: SEQUENCE SET; Schema: public; Owner: gforge
--

SELECT pg_catalog.setval('forum_thread_seq', 1, false);


--
-- Data for Name: forum_topics; Type: TABLE DATA; Schema: public; Owner: gforge
--

COPY forum_topics (topic_id, title, user_id, time_posted, last_activity, forum_id) FROM stdin;
\.


--
-- Name: forum_topics_topic_id_seq; Type: SEQUENCE SET; Schema: public; Owner: gforge
--

SELECT pg_catalog.setval('forum_topics_topic_id_seq', 1, false);


--
-- Data for Name: forums; Type: TABLE DATA; Schema: public; Owner: gforge
--

COPY forums (forum_id, description, name, group_id) FROM stdin;
1	This is for testing	Test Forum	1
2	This is for testing	Test Forum	1
3	This is for testing	Test Forum	1
4	This is for testing	Test Forum	1
\.


--
-- Name: forums_forum_id_seq; Type: SEQUENCE SET; Schema: public; Owner: gforge
--

SELECT pg_catalog.setval('forums_forum_id_seq', 4, true);


--
-- Name: foundry_news_pk_seq; Type: SEQUENCE SET; Schema: public; Owner: gforge
--

SELECT pg_catalog.setval('foundry_news_pk_seq', 1, false);


--
-- Data for Name: frs_dlstats_file; Type: TABLE DATA; Schema: public; Owner: gforge
--

COPY frs_dlstats_file (ip_address, file_id, month, day, user_id) FROM stdin;
\.


--
-- Data for Name: frs_dlstats_filetotal_agg; Type: TABLE DATA; Schema: public; Owner: gforge
--

COPY frs_dlstats_filetotal_agg (file_id, downloads) FROM stdin;
\.


--
-- Data for Name: frs_file; Type: TABLE DATA; Schema: public; Owner: gforge
--

COPY frs_file (file_id, filename, release_id, type_id, processor_id, release_time, file_size, post_date) FROM stdin;
\.


--
-- Name: frs_file_pk_seq; Type: SEQUENCE SET; Schema: public; Owner: gforge
--

SELECT pg_catalog.setval('frs_file_pk_seq', 1, false);


--
-- Data for Name: frs_filetype; Type: TABLE DATA; Schema: public; Owner: gforge
--

COPY frs_filetype (type_id, name) FROM stdin;
1000	.deb
2000	.rpm
3000	.zip
3100	.bz2
3110	.gz
5000	Source .zip
5010	Source .bz2
5020	Source .gz
5100	Source .rpm
5900	Other Source File
8000	.jpg
8100	text
8200	html
8300	pdf
9999	Other
\.


--
-- Name: frs_filetype_pk_seq; Type: SEQUENCE SET; Schema: public; Owner: gforge
--

SELECT pg_catalog.setval('frs_filetype_pk_seq', 9999, true);


--
-- Data for Name: frs_package; Type: TABLE DATA; Schema: public; Owner: gforge
--

COPY frs_package (package_id, group_id, name, status_id, is_public) FROM stdin;
\.


--
-- Name: frs_package_pk_seq; Type: SEQUENCE SET; Schema: public; Owner: gforge
--

SELECT pg_catalog.setval('frs_package_pk_seq', 1, false);


--
-- Data for Name: frs_processor; Type: TABLE DATA; Schema: public; Owner: gforge
--

COPY frs_processor (processor_id, name) FROM stdin;
1000	i386
6000	IA64
7000	Alpha
8000	Any
2000	PPC
3000	MIPS
4000	Sparc
5000	UltraSparc
9999	Other
\.


--
-- Name: frs_processor_pk_seq; Type: SEQUENCE SET; Schema: public; Owner: gforge
--

SELECT pg_catalog.setval('frs_processor_pk_seq', 9999, true);


--
-- Data for Name: frs_release; Type: TABLE DATA; Schema: public; Owner: gforge
--

COPY frs_release (release_id, package_id, name, notes, changes, status_id, preformatted, release_date, released_by) FROM stdin;
\.


--
-- Name: frs_release_pk_seq; Type: SEQUENCE SET; Schema: public; Owner: gforge
--

SELECT pg_catalog.setval('frs_release_pk_seq', 1, false);


--
-- Data for Name: frs_status; Type: TABLE DATA; Schema: public; Owner: gforge
--

COPY frs_status (status_id, name) FROM stdin;
1	Active
3	Hidden
\.


--
-- Name: frs_status_pk_seq; Type: SEQUENCE SET; Schema: public; Owner: gforge
--

SELECT pg_catalog.setval('frs_status_pk_seq', 3, true);


--
-- Data for Name: group_activity_monitor; Type: TABLE DATA; Schema: public; Owner: gforge
--

COPY group_activity_monitor (group_id, user_id, filter) FROM stdin;
\.


--
-- Data for Name: group_cvs_history; Type: TABLE DATA; Schema: public; Owner: gforge
--

COPY group_cvs_history (id, group_id, user_name, cvs_commits, cvs_commits_wk, cvs_adds, cvs_adds_wk) FROM stdin;
\.


--
-- Name: group_cvs_history_id_seq; Type: SEQUENCE SET; Schema: public; Owner: gforge
--

SELECT pg_catalog.setval('group_cvs_history_id_seq', 1, false);


--
-- Data for Name: group_history; Type: TABLE DATA; Schema: public; Owner: gforge
--

COPY group_history (group_history_id, group_id, field_name, old_value, mod_by, adddate) FROM stdin;
1	6	Status	P	102	1442495898
2	6	Approved	x	102	1442495898
\.


--
-- Name: group_history_pk_seq; Type: SEQUENCE SET; Schema: public; Owner: gforge
--

SELECT pg_catalog.setval('group_history_pk_seq', 2, true);


--
-- Data for Name: group_join_request; Type: TABLE DATA; Schema: public; Owner: gforge
--

COPY group_join_request (group_id, user_id, requester_id, comments, request_date, accept_date, reject_date) FROM stdin WITH NULL AS 'null';
6	102	102	Fake GroupJoinRequest to store the creator of a project	2013-03-21 09:10:59.897666	2013-03-21 09:12:59.897666	null
6	111	102	Fake GroupJoinRequest to check queries	2015-01-9 06:23:59.444666	2015-01-9 07:23:59.444666	null
6	111	111	Fake GroupJoinRequest to check queries	2014-12-3 12:04:21.424670	null	null
4	111	111	Fake GroupJoinRequest to check queries	2016-08-15 16:44:25.134681	null	null
\.



--
-- Data for Name: plugins; Type: TABLE DATA; Schema: public; Owner: gforge
--

COPY plugins (plugin_id, plugin_name, plugin_desc) FROM stdin;
1	scmcvs	CVS Plugin
2	scmsvn	SVN Plugin
3	cvstracker	CVS Tracker Integration
4	online_help	Online Help Plugin
\.


--
-- Name: plugins_pk_seq; Type: SEQUENCE SET; Schema: public; Owner: gforge
--

SELECT pg_catalog.setval('plugins_pk_seq', 4, true);


--
-- Data for Name: group_plugin; Type: TABLE DATA; Schema: public; Owner: gforge
--

COPY group_plugin (group_id, plugin_id) FROM stdin;
2	1
3	1
4	1
1	1
\.


--
-- Name: group_plugin_pk_seq; Type: SEQUENCE SET; Schema: public; Owner: gforge
--

SELECT pg_catalog.setval('group_plugin_pk_seq', 4, true);



--
-- Data for Name: home_comments; Type: TABLE DATA; Schema: public; Owner: gforge
--

COPY home_comments (ref_id, type_id, time_posted, user_id, comment, comment_id) FROM stdin;
\.


--
-- Name: home_comments_comment_id_seq; Type: SEQUENCE SET; Schema: public; Owner: gforge
--

SELECT pg_catalog.setval('home_comments_comment_id_seq', 1, false);


--
-- Name: job_job_id_seq; Type: SEQUENCE SET; Schema: public; Owner: postgres
--

SELECT pg_catalog.setval('job_job_id_seq', 1, false);


--
-- Data for Name: layouts; Type: TABLE DATA; Schema: public; Owner: gforge
--

COPY layouts (id, name, description, scope) FROM stdin;
1	2 columns	Simple layout made of 2 columns	S
2	3 columns	Simple layout made of 3 columns	S
3	Left	Simple layout made of a main column and a small, left sided, column	S
4	Right	Simple layout made of a main column and a small, right sided, column	S
\.


--
-- Data for Name: layouts_contents; Type: TABLE DATA; Schema: public; Owner: gforge
--

COPY layouts_contents (owner_id, owner_type, layout_id, column_id, name, rank, is_minimized, is_removed, display_preferences, content_id) FROM stdin;
1	g	4	8	projectdescription	0	0	0	0	0
1	g	4	8	projectinfo	1	0	0	0	0
1	g	4	8	projectlatestfilereleases	2	0	0	0	0
1	g	4	8	projectpublicareas	3	0	0	0	0
1	g	4	9	projectmembers	0	0	0	0	0
1	g	4	9	projectlatestnews	1	0	0	0	0
1	g	4	8	projectdescription	0	0	0	0	0
1	g	4	8	projectinfo	1	0	0	0	0
1	g	4	8	projectlatestfilereleases	2	0	0	0	0
1	g	4	8	projectpublicareas	3	0	0	0	0
1	g	4	9	projectmembers	0	0	0	0	0
1	g	4	9	projectlatestnews	1	0	0	0	0
1	g	4	8	projectdescription	0	0	0	0	0
1	g	4	8	projectinfo	1	0	0	0	0
1	g	4	8	projectlatestfilereleases	2	0	0	0	0
1	g	4	8	projectpublicareas	3	0	0	0	0
1	g	4	9	projectmembers	0	0	0	0	0
1	g	4	9	projectlatestnews	1	0	0	0	0
1	g	4	8	projectdescription	0	0	0	0	0
1	g	4	8	projectinfo	1	0	0	0	0
1	g	4	8	projectlatestfilereleases	2	0	0	0	0
1	g	4	8	projectpublicareas	3	0	0	0	0
1	g	4	9	projectmembers	0	0	0	0	0
1	g	4	9	projectlatestnews	1	0	0	0	0
\.


--
-- Name: layouts_pk_seq; Type: SEQUENCE SET; Schema: public; Owner: gforge
--

SELECT pg_catalog.setval('layouts_pk_seq', 1, false);


--
-- Data for Name: layouts_rows; Type: TABLE DATA; Schema: public; Owner: gforge
--

COPY layouts_rows (id, layout_id, rank) FROM stdin;
1	1	0
2	2	0
3	3	0
4	4	0
\.


--
-- Data for Name: layouts_rows_columns; Type: TABLE DATA; Schema: public; Owner: gforge
--

COPY layouts_rows_columns (id, layout_row_id, width) FROM stdin;
1	1	50
2	1	50
3	2	33
4	2	33
5	2	33
6	3	33
7	3	66
8	4	66
9	4	33
\.


--
-- Name: layouts_rows_columns_pk_seq; Type: SEQUENCE SET; Schema: public; Owner: gforge
--

SELECT pg_catalog.setval('layouts_rows_columns_pk_seq', 1, false);


--
-- Name: layouts_rows_pk_seq; Type: SEQUENCE SET; Schema: public; Owner: gforge
--

SELECT pg_catalog.setval('layouts_rows_pk_seq', 1, false);


--
-- Data for Name: licenses; Type: TABLE DATA; Schema: public; Owner: gforge
--

COPY licenses (license_id, license_name) FROM stdin;
100	None
101	GNU General Public License (GPL)
102	GNU Library Public License (LGPL)
103	BSD License
104	MIT License
105	Artistic License
106	Mozilla Public License 1.0 (MPL)
107	Qt Public License (QPL)
108	IBM Public License
109	MITRE Collaborative Virtual Workspace License (CVW License)
110	Ricoh Source Code Public License
111	Python License
112	zlib/libpng License
113	Apache Software License
114	Vovida Software License 1.0
115	Sun Internet Standards Source License (SISSL)
116	Intel Open Source License
117	Mozilla Public License 1.1 (MPL 1.1)
118	Jabber Open Source License
119	Nokia Open Source License
120	Sleepycat License
121	Nethack General Public License
122	IBM Common Public License
123	Apple Public Source License
124	Public Domain
125	Website Only
126	Other/Proprietary License
\.


--
-- Name: licenses_license_id_seq; Type: SEQUENCE SET; Schema: public; Owner: gforge
--

SELECT pg_catalog.setval('licenses_license_id_seq', 126, true);


--
-- Name: logging_log_id_seq; Type: SEQUENCE SET; Schema: public; Owner: postgres
--

SELECT pg_catalog.setval('logging_log_id_seq', 1, false);


--
-- Data for Name: mail_group_list; Type: TABLE DATA; Schema: public; Owner: gforge
--

COPY mail_group_list (group_list_id, group_id, list_name, is_public, password, list_admin, status, description) FROM stdin;
\.


--
-- Name: mail_group_list_pk_seq; Type: SEQUENCE SET; Schema: public; Owner: gforge
--

SELECT pg_catalog.setval('mail_group_list_pk_seq', 1, false);


--
-- Data for Name: massmail_queue; Type: TABLE DATA; Schema: public; Owner: gforge
--

COPY massmail_queue (id, type, subject, message, queued_date, last_userid, failed_date, finished_date) FROM stdin;
\.


--
-- Name: massmail_queue_id_seq; Type: SEQUENCE SET; Schema: public; Owner: gforge
--

SELECT pg_catalog.setval('massmail_queue_id_seq', 1, false);


--
-- Data for Name: news_bytes; Type: TABLE DATA; Schema: public; Owner: gforge
--

COPY news_bytes (id, group_id, submitted_by, is_approved, post_date, forum_id, summary, details) FROM stdin;
\.


--
-- Name: news_bytes_pk_seq; Type: SEQUENCE SET; Schema: public; Owner: gforge
--

SELECT pg_catalog.setval('news_bytes_pk_seq', 1, false);


--
-- Data for Name: nss_groups; Type: TABLE DATA; Schema: public; Owner: gforge
--

COPY nss_groups (user_id, group_id, name, gid) FROM stdin;
0	2	stats	10002
0	3	newsadmin	10003
0	4	peerrating	10004
0	1	siteadmin	10001
0	2	scm_stats	50002
0	3	scm_newsadmin	50003
0	4	scm_peerrating	50004
0	1	scm_siteadmin	50001
0	2	stats	10002
0	3	newsadmin	10003
0	4	peerrating	10004
0	1	siteadmin	10001
0	2	scm_stats	50002
0	3	scm_newsadmin	50003
0	4	scm_peerrating	50004
0	1	scm_siteadmin	50001
0	2	stats	10002
0	3	newsadmin	10003
0	4	peerrating	10004
0	1	siteadmin	10001
0	2	scm_stats	50002
0	3	scm_newsadmin	50003
0	4	scm_peerrating	50004
0	1	scm_siteadmin	50001
0	2	stats	10002
0	3	newsadmin	10003
0	4	peerrating	10004
0	1	siteadmin	10001
0	2	scm_stats	50002
0	3	scm_newsadmin	50003
0	4	scm_peerrating	50004
0	1	scm_siteadmin	50001
\.


--
-- Data for Name: nss_usergroups; Type: TABLE DATA; Schema: public; Owner: gforge
--

COPY nss_usergroups (uid, gid, user_id, group_id, user_name, unix_group_name) FROM stdin;
\.


--
-- Data for Name: owner_layouts; Type: TABLE DATA; Schema: public; Owner: gforge
--

COPY owner_layouts (owner_id, owner_type, layout_id, is_default) FROM stdin;
1	g	4	1
\.


--
-- Data for Name: people_job; Type: TABLE DATA; Schema: public; Owner: gforge
--

COPY people_job (job_id, group_id, created_by, title, description, post_date, status_id, category_id) FROM stdin;
\.


--
-- Data for Name: people_job_category; Type: TABLE DATA; Schema: public; Owner: gforge
--

COPY people_job_category (category_id, name, private_flag) FROM stdin;
1	Developer	0
2	Project Manager	0
3	Unix Admin	0
4	Doc Writer	0
5	Tester	0
6	Support Manager	0
7	Graphic/Other Designer	0
\.


--
-- Name: people_job_category_pk_seq; Type: SEQUENCE SET; Schema: public; Owner: gforge
--

SELECT pg_catalog.setval('people_job_category_pk_seq', 7, true);


--
-- Data for Name: people_job_inventory; Type: TABLE DATA; Schema: public; Owner: gforge
--

COPY people_job_inventory (job_inventory_id, job_id, skill_id, skill_level_id, skill_year_id) FROM stdin;
\.


--
-- Name: people_job_inventory_pk_seq; Type: SEQUENCE SET; Schema: public; Owner: gforge
--

SELECT pg_catalog.setval('people_job_inventory_pk_seq', 1, false);


--
-- Name: people_job_pk_seq; Type: SEQUENCE SET; Schema: public; Owner: gforge
--

SELECT pg_catalog.setval('people_job_pk_seq', 1, false);


--
-- Data for Name: people_job_status; Type: TABLE DATA; Schema: public; Owner: gforge
--

COPY people_job_status (status_id, name) FROM stdin;
1	Open
2	Filled
3	Deleted
\.


--
-- Name: people_job_status_pk_seq; Type: SEQUENCE SET; Schema: public; Owner: gforge
--

SELECT pg_catalog.setval('people_job_status_pk_seq', 1, false);


--
-- Data for Name: people_skill; Type: TABLE DATA; Schema: public; Owner: gforge
--

COPY people_skill (skill_id, name) FROM stdin;
\.


--
-- Data for Name: people_skill_inventory; Type: TABLE DATA; Schema: public; Owner: gforge
--

COPY people_skill_inventory (skill_inventory_id, user_id, skill_id, skill_level_id, skill_year_id) FROM stdin;
\.


--
-- Name: people_skill_inventory_pk_seq; Type: SEQUENCE SET; Schema: public; Owner: gforge
--

SELECT pg_catalog.setval('people_skill_inventory_pk_seq', 1, false);


--
-- Data for Name: people_skill_level; Type: TABLE DATA; Schema: public; Owner: gforge
--

COPY people_skill_level (skill_level_id, name) FROM stdin;
1	Want to Learn
2	Competent
3	Wizard
4	Wrote The Book
5	Wrote It
\.


--
-- Name: people_skill_level_pk_seq; Type: SEQUENCE SET; Schema: public; Owner: gforge
--

SELECT pg_catalog.setval('people_skill_level_pk_seq', 5, true);


--
-- Name: people_skill_pk_seq; Type: SEQUENCE SET; Schema: public; Owner: gforge
--

SELECT pg_catalog.setval('people_skill_pk_seq', 1, false);


--
-- Data for Name: people_skill_year; Type: TABLE DATA; Schema: public; Owner: gforge
--

COPY people_skill_year (skill_year_id, name) FROM stdin;
1	< 6 Months
2	6 Mo - 2 yr
3	2 yr - 5 yr
4	5 yr - 10 yr
5	> 10 years
\.


--
-- Name: people_skill_year_pk_seq; Type: SEQUENCE SET; Schema: public; Owner: gforge
--

SELECT pg_catalog.setval('people_skill_year_pk_seq', 5, true);



--
-- Data for Name: pfo_role_class; Type: TABLE DATA; Schema: public; Owner: gforge
--

COPY pfo_role_class (class_id, class_name) FROM stdin;
1	PFO_RoleExplicit
2	PFO_RoleAnonymous
3	PFO_RoleLoggedIn
\.


--
-- Data for Name: pfo_role; Type: TABLE DATA; Schema: public; Owner: gforge
--

COPY pfo_role (role_id, role_name, role_class, home_group_id, is_public) FROM stdin;
1	Anonymous	2	\N	t
2	LoggedIn	3	\N	t
3	Forge administrators	1	\N	f
4	News moderators	1	\N	f
5	Stats administrators	1	\N	f
6	Default	1	1	f
7	Admin	1	2	f
8	Senior Developer	1	2	f
9	Junior Developer	1	2	f
10	Doc Writer	1	2	f
11	Support Tech	1	2	f
12	Admin	1	3	f
13	Senior Developer	1	3	f
14	Junior Developer	1	3	f
15	Doc Writer	1	3	f
16	Support Tech	1	3	f
17	Admin	1	4	f
18	Senior Developer	1	4	f
19	Junior Developer	1	4	f
20	Doc Writer	1	4	f
21	Support Tech	1	4	f
22	Admin	1	1	f
23	Senior Developer	1	1	f
24	Junior Developer	1	1	f
25	Doc Writer	1	1	f
26	Support Tech	1	1	f
27	Project Member	1	6	f
28	Admin	1	6	f
\.




--
-- Name: pfo_role_class_seq; Type: SEQUENCE SET; Schema: public; Owner: gforge
--

SELECT pg_catalog.setval('pfo_role_class_seq', 3, true);


--
-- Name: pfo_role_seq; Type: SEQUENCE SET; Schema: public; Owner: gforge
--

SELECT pg_catalog.setval('pfo_role_seq', 28, true);


--
-- Data for Name: pfo_role_setting; Type: TABLE DATA; Schema: public; Owner: gforge
--

COPY pfo_role_setting (role_id, section_name, ref_id, perm_val) FROM stdin;
1	project_read	5	1
1	new_tracker	5	1
1	new_pm	5	1
1	new_forum	5	1
1	frs	5	1
1	scm	5	1
1	project_admin	5	0
1	docman	5	0
1	tracker_admin	5	0
1	forum_admin	5	0
1	pm_admin	5	0
1	webcal	5	0
1	forge_admin	-1	0
1	approve_projects	-1	0
1	approve_news	-1	0
1	forge_stats	-1	0
2	project_read	5	1
2	new_tracker	5	1
2	new_pm	5	1
2	new_forum	5	1
2	frs	5	1
2	scm	5	1
2	project_admin	5	0
2	docman	5	0
2	tracker_admin	5	0
2	forum_admin	5	0
2	pm_admin	5	0
2	webcal	5	0
2	forge_admin	-1	0
2	approve_projects	-1	0
2	approve_news	-1	0
2	forge_stats	-1	0
3	forge_admin	-1	1
3	approve_projects	-1	0
3	approve_news	-1	0
3	forge_stats	-1	0
4	approve_news	-1	1
4	forge_admin	-1	0
4	approve_projects	-1	0
4	forge_stats	-1	0
5	forge_stats	-1	2
5	forge_admin	-1	0
5	approve_projects	-1	0
5	approve_news	-1	0
6	project_read	1	1
6	project_admin	1	0
6	frs	1	0
6	scm	1	0
6	docman	1	0
6	tracker_admin	1	0
6	new_tracker	1	0
6	forum_admin	1	0
6	new_forum	1	0
6	pm_admin	1	0
6	new_pm	1	0
6	webcal	1	0
6	forge_admin	-1	0
6	approve_projects	-1	0
6	approve_news	-1	0
6	forge_stats	-1	0
7	project_read	2	1
7	project_admin	2	1
7	tracker_admin	2	1
7	pm_admin	2	1
7	forum_admin	2	1
7	docman	2	4
7	scm	2	2
7	frs	2	3
7	new_tracker	2	7
7	new_forum	2	3
7	new_pm	2	7
7	webcal	2	2
7	forge_admin	-1	0
7	approve_projects	-1	0
7	approve_news	-1	0
7	forge_stats	-1	0
8	project_read	2	1
8	tracker_admin	2	1
8	pm_admin	2	1
8	forum_admin	2	1
8	docman	2	4
8	scm	2	2
8	frs	2	3
8	project_admin	2	0
8	new_tracker	2	7
8	new_forum	2	3
8	new_pm	2	7
8	webcal	2	2
8	forge_admin	-1	0
8	approve_projects	-1	0
8	approve_news	-1	0
8	forge_stats	-1	0
9	project_read	2	1
9	docman	2	1
9	scm	2	2
9	frs	2	1
9	project_admin	2	0
9	tracker_admin	2	0
9	new_tracker	2	3
9	forum_admin	2	0
9	new_forum	2	3
9	pm_admin	2	0
9	new_pm	2	3
9	webcal	2	2
9	forge_admin	-1	0
9	approve_projects	-1	0
9	approve_news	-1	0
9	forge_stats	-1	0
10	project_read	2	1
10	docman	2	4
10	scm	2	1
10	frs	2	1
10	project_admin	2	0
10	tracker_admin	2	0
10	new_tracker	2	1
10	forum_admin	2	0
10	new_forum	2	3
10	pm_admin	2	0
10	new_pm	2	1
10	webcal	2	2
10	forge_admin	-1	0
10	approve_projects	-1	0
10	approve_news	-1	0
10	forge_stats	-1	0
11	project_read	2	1
11	docman	2	4
11	scm	2	1
11	frs	2	1
11	project_admin	2	0
11	tracker_admin	2	1
11	new_tracker	2	3
11	forum_admin	2	0
11	new_forum	2	3
11	pm_admin	2	1
11	new_pm	2	7
11	webcal	2	2
11	forge_admin	-1	0
11	approve_projects	-1	0
11	approve_news	-1	0
11	forge_stats	-1	0
12	project_read	3	1
12	project_admin	3	1
12	tracker_admin	3	1
12	pm_admin	3	1
12	forum_admin	3	1
12	docman	3	4
12	scm	3	2
12	frs	3	3
12	new_tracker	3	7
12	new_forum	3	3
12	new_pm	3	7
12	webcal	3	2
12	forge_admin	-1	0
12	approve_projects	-1	0
12	approve_news	-1	0
12	forge_stats	-1	0
13	project_read	3	1
13	tracker_admin	3	1
13	pm_admin	3	1
13	forum_admin	3	1
13	docman	3	4
13	scm	3	2
13	frs	3	3
13	project_admin	3	0
13	new_tracker	3	7
13	new_forum	3	3
13	new_pm	3	7
13	webcal	3	2
13	forge_admin	-1	0
13	approve_projects	-1	0
13	approve_news	-1	0
13	forge_stats	-1	0
14	project_read	3	1
14	docman	3	1
14	scm	3	2
14	frs	3	1
14	project_admin	3	0
14	tracker_admin	3	0
14	new_tracker	3	3
14	forum_admin	3	0
14	new_forum	3	3
14	pm_admin	3	0
14	new_pm	3	3
14	webcal	3	2
14	forge_admin	-1	0
14	approve_projects	-1	0
14	approve_news	-1	0
14	forge_stats	-1	0
15	project_read	3	1
15	docman	3	4
15	scm	3	1
15	frs	3	1
15	project_admin	3	0
15	tracker_admin	3	0
15	new_tracker	3	1
15	forum_admin	3	0
15	new_forum	3	3
15	pm_admin	3	0
15	new_pm	3	1
15	webcal	3	2
15	forge_admin	-1	0
15	approve_projects	-1	0
15	approve_news	-1	0
15	forge_stats	-1	0
16	project_read	3	1
16	docman	3	4
16	scm	3	1
16	frs	3	1
16	project_admin	3	0
16	tracker_admin	3	1
16	new_tracker	3	3
16	forum_admin	3	0
16	new_forum	3	3
16	pm_admin	3	1
16	new_pm	3	7
16	webcal	3	2
16	forge_admin	-1	0
16	approve_projects	-1	0
16	approve_news	-1	0
16	forge_stats	-1	0
17	project_read	4	1
17	project_admin	4	1
17	tracker_admin	4	1
17	pm_admin	4	1
17	forum_admin	4	1
17	docman	4	4
17	scm	4	2
17	frs	4	3
17	new_tracker	4	7
17	new_forum	4	3
17	new_pm	4	7
17	webcal	4	2
17	forge_admin	-1	0
17	approve_projects	-1	0
17	approve_news	-1	0
17	forge_stats	-1	0
18	project_read	4	1
18	tracker_admin	4	1
18	pm_admin	4	1
18	forum_admin	4	1
18	docman	4	4
18	scm	4	2
18	frs	4	3
18	project_admin	4	0
18	new_tracker	4	7
18	new_forum	4	3
18	new_pm	4	7
18	webcal	4	2
18	forge_admin	-1	0
18	approve_projects	-1	0
18	approve_news	-1	0
18	forge_stats	-1	0
19	project_read	4	1
19	docman	4	1
19	scm	4	2
19	frs	4	1
19	project_admin	4	0
19	tracker_admin	4	0
19	new_tracker	4	3
19	forum_admin	4	0
19	new_forum	4	3
19	pm_admin	4	0
19	new_pm	4	3
19	webcal	4	2
19	forge_admin	-1	0
19	approve_projects	-1	0
19	approve_news	-1	0
19	forge_stats	-1	0
20	project_read	4	1
20	docman	4	4
20	scm	4	1
20	frs	4	1
20	project_admin	4	0
20	tracker_admin	4	0
20	new_tracker	4	1
20	forum_admin	4	0
20	new_forum	4	3
20	pm_admin	4	0
20	new_pm	4	1
20	webcal	4	2
20	forge_admin	-1	0
20	approve_projects	-1	0
20	approve_news	-1	0
20	forge_stats	-1	0
21	project_read	4	1
21	docman	4	4
21	scm	4	1
21	frs	4	1
21	project_admin	4	0
21	tracker_admin	4	1
21	new_tracker	4	3
21	forum_admin	4	0
21	new_forum	4	3
21	pm_admin	4	1
21	new_pm	4	7
21	webcal	4	2
21	forge_admin	-1	0
21	approve_projects	-1	0
21	approve_news	-1	0
21	forge_stats	-1	0
22	project_read	1	1
22	project_admin	1	1
22	tracker_admin	1	1
22	tracker	100	5
22	pm_admin	1	1
22	pm	1	5
22	forum_admin	1	1
22	docman	1	4
22	scm	1	2
22	frs	1	3
22	new_tracker	1	7
22	new_forum	1	3
22	new_pm	1	7
22	webcal	1	2
22	forge_admin	-1	0
22	approve_projects	-1	0
22	approve_news	-1	0
22	forge_stats	-1	0
23	project_read	1	1
23	tracker_admin	1	1
23	tracker	100	7
23	pm_admin	1	1
23	pm	1	7
23	forum_admin	1	1
23	docman	1	4
23	scm	1	2
23	frs	1	3
23	project_admin	1	0
23	new_tracker	1	7
23	new_forum	1	3
23	new_pm	1	7
23	webcal	1	2
23	forge_admin	-1	0
23	approve_projects	-1	0
23	approve_news	-1	0
23	forge_stats	-1	0
24	project_read	1	1
24	tracker	100	3
24	pm	1	3
24	docman	1	1
24	scm	1	2
24	frs	1	1
24	project_admin	1	0
24	tracker_admin	1	0
24	new_tracker	1	3
24	forum_admin	1	0
24	new_forum	1	3
24	pm_admin	1	0
24	new_pm	1	3
24	webcal	1	2
24	forge_admin	-1	0
24	approve_projects	-1	0
24	approve_news	-1	0
24	forge_stats	-1	0
25	project_read	1	1
25	tracker	100	1
25	pm	1	1
25	docman	1	4
25	scm	1	1
25	frs	1	1
25	project_admin	1	0
25	tracker_admin	1	0
25	new_tracker	1	1
25	forum_admin	1	0
25	new_forum	1	3
25	pm_admin	1	0
25	new_pm	1	1
25	webcal	1	2
25	forge_admin	-1	0
25	approve_projects	-1	0
25	approve_news	-1	0
25	forge_stats	-1	0
26	project_read	1	1
26	tracker	100	7
26	pm	1	1
26	docman	1	4
26	scm	1	1
26	frs	1	1
26	project_admin	1	0
26	tracker_admin	1	1
26	new_tracker	1	3
26	forum_admin	1	0
26	new_forum	1	3
26	pm_admin	1	1
26	new_pm	1	7
26	webcal	1	2
26	forge_admin	-1	0
26	approve_projects	-1	0
26	approve_news	-1	0
26	forge_stats	-1	0
27	project_read	6	1
27	project_admin	6	0
27	frs	6	0
27	scm	6	0
27	docman	6	0
27	tracker_admin	6	0
27	new_tracker	6	0
27	forum_admin	6	0
27	new_forum	6	0
27	pm_admin	6	0
27	new_pm	6	0
27	webcal	6	0
27	forge_admin	-1	0
27	approve_projects	-1	0
27	approve_news	-1	0
27	forge_stats	-1	0
28	project_read	6	1
28	project_admin	6	1
28	frs	6	2
28	scm	6	2
28	docman	6	3
28	tracker_admin	6	1
28	new_tracker	6	7
28	forum_admin	6	1
28	new_forum	6	3
28	pm_admin	6	1
28	new_pm	6	7
28	webcal	6	2
28	forge_admin	-1	0
28	approve_projects	-1	0
28	approve_news	-1	0
28	forge_stats	-1	0
\.

--
-- Name: plugin_cvstracker_artifact_seq; Type: SEQUENCE SET; Schema: public; Owner: gforge
--

SELECT pg_catalog.setval('plugin_cvstracker_artifact_seq', 1, false);


--
-- Data for Name: plugin_cvstracker_data_artifact; Type: TABLE DATA; Schema: public; Owner: gforge
--

COPY plugin_cvstracker_data_artifact (id, kind, group_artifact_id, project_task_id) FROM stdin;
\.


--
-- Data for Name: plugin_cvstracker_data_master; Type: TABLE DATA; Schema: public; Owner: gforge
--

COPY plugin_cvstracker_data_master (id, holder_id, log_text, file, prev_version, actual_version, author, cvs_date) FROM stdin;
\.


--
-- Name: plugin_cvstracker_master_seq; Type: SEQUENCE SET; Schema: public; Owner: gforge
--

SELECT pg_catalog.setval('plugin_cvstracker_master_seq', 1, false);



--
-- Data for Name: prdb_dbs; Type: TABLE DATA; Schema: public; Owner: gforge
--

COPY prdb_dbs (dbid, group_id, dbname, dbusername, dbuserpass, requestdate, dbtype, created_by, state) FROM stdin;
\.


--
-- Name: prdb_dbs_dbid_seq; Type: SEQUENCE SET; Schema: public; Owner: gforge
--

SELECT pg_catalog.setval('prdb_dbs_dbid_seq', 1, false);


--
-- Data for Name: prdb_states; Type: TABLE DATA; Schema: public; Owner: gforge
--

COPY prdb_states (stateid, statename) FROM stdin;
\.


--
-- Data for Name: prdb_types; Type: TABLE DATA; Schema: public; Owner: gforge
--

COPY prdb_types (dbtypeid, dbservername, dbsoftware) FROM stdin;
\.


--
-- Data for Name: project_assigned_to; Type: TABLE DATA; Schema: public; Owner: gforge
--

COPY project_assigned_to (project_assigned_id, project_task_id, assigned_to_id) FROM stdin;
\.


--
-- Name: project_assigned_to_pk_seq; Type: SEQUENCE SET; Schema: public; Owner: gforge
--

SELECT pg_catalog.setval('project_assigned_to_pk_seq', 1, false);



--
-- Data for Name: project_group_list; Type: TABLE DATA; Schema: public; Owner: gforge
--

COPY project_group_list (group_project_id, group_id, project_name, is_public, description, send_all_posts_to) FROM stdin;
1	1	Default	0	Default Project - Don't Change	\N
\.


--
-- Name: project_group_list_pk_seq; Type: SEQUENCE SET; Schema: public; Owner: gforge
--

SELECT pg_catalog.setval('project_group_list_pk_seq', 1, true);



--
-- Name: project_categor_category_id_seq; Type: SEQUENCE SET; Schema: public; Owner: gforge
--

SELECT pg_catalog.setval('project_categor_category_id_seq', 100, true);


--
-- Data for Name: project_category; Type: TABLE DATA; Schema: public; Owner: gforge
--

COPY project_category (category_id, group_project_id, category_name) FROM stdin;
100	1	None
\.


--
-- Data for Name: project_counts_agg; Type: TABLE DATA; Schema: public; Owner: gforge
--

--COPY project_counts_agg (group_project_id, count, open_count) FROM stdin;
--1	1	1
--\.


--
-- Data for Name: project_dependencies; Type: TABLE DATA; Schema: public; Owner: gforge
--

COPY project_dependencies (project_depend_id, project_task_id, is_dependent_on_task_id, link_type) FROM stdin;
\.


--
-- Name: project_dependencies_pk_seq; Type: SEQUENCE SET; Schema: public; Owner: gforge
--

SELECT pg_catalog.setval('project_dependencies_pk_seq', 1, false);



--
-- Data for Name: project_history; Type: TABLE DATA; Schema: public; Owner: gforge
--

COPY project_history (project_history_id, project_task_id, field_name, old_value, mod_by, mod_date) FROM stdin;
\.


--
-- Name: project_history_pk_seq; Type: SEQUENCE SET; Schema: public; Owner: gforge
--

SELECT pg_catalog.setval('project_history_pk_seq', 1, false);


--
-- Name: project_messa_project_messa_seq; Type: SEQUENCE SET; Schema: public; Owner: gforge
--

SELECT pg_catalog.setval('project_messa_project_messa_seq', 1, false);


--
-- Data for Name: project_messages; Type: TABLE DATA; Schema: public; Owner: gforge
--

COPY project_messages (project_message_id, project_task_id, body, posted_by, postdate) FROM stdin;
\.


--
-- Data for Name: project_messages_idx; Type: TABLE DATA; Schema: public; Owner: gforge
--

COPY project_messages_idx (id, project_task_id, vectors) FROM stdin;
\.


--
-- Data for Name: project_metric; Type: TABLE DATA; Schema: public; Owner: gforge
--

COPY project_metric (ranking, percentile, group_id) FROM stdin;
\.


--
-- Name: project_metric_pk_seq; Type: SEQUENCE SET; Schema: public; Owner: gforge
--

SELECT pg_catalog.setval('project_metric_pk_seq', 1, false);


--
-- Data for Name: project_metric_tmp1; Type: TABLE DATA; Schema: public; Owner: gforge
--

COPY project_metric_tmp1 (ranking, group_id, value) FROM stdin;
\.


--
-- Name: project_metric_tmp1_pk_seq; Type: SEQUENCE SET; Schema: public; Owner: gforge
--

SELECT pg_catalog.setval('project_metric_tmp1_pk_seq', 1, false);


--
-- Name: project_metric_wee_ranking1_seq; Type: SEQUENCE SET; Schema: public; Owner: gforge
--

SELECT pg_catalog.setval('project_metric_wee_ranking1_seq', 1, false);


--
-- Data for Name: project_status; Type: TABLE DATA; Schema: public; Owner: gforge
--

COPY project_status (status_id, status_name) FROM stdin;
1	Open
2	Closed
\.


--
-- Name: project_status_pk_seq; Type: SEQUENCE SET; Schema: public; Owner: gforge
--

SELECT pg_catalog.setval('project_status_pk_seq', 1, false);


--
-- Data for Name: project_sums_agg; Type: TABLE DATA; Schema: public; Owner: gforge
--

COPY project_sums_agg (group_id, type, count) FROM stdin;
\.


--
-- Data for Name: project_tags; Type: TABLE DATA; Schema: public; Owner: gforge
--

COPY project_tags (tag_id, tag_name) FROM stdin;
\.


--
-- Data for Name: project_tags_join; Type: TABLE DATA; Schema: public; Owner: gforge
--

COPY project_tags_join (project_tags_join_id, group_id, tag_id) FROM stdin;
\.


--
-- Name: project_tags_join_project_tags_join_id_seq; Type: SEQUENCE SET; Schema: public; Owner: gforge
--

SELECT pg_catalog.setval('project_tags_join_project_tags_join_id_seq', 1, false);


--
-- Name: project_tags_tag_id_seq; Type: SEQUENCE SET; Schema: public; Owner: gforge
--

SELECT pg_catalog.setval('project_tags_tag_id_seq', 1, false);


--
-- Data for Name: project_task; Type: TABLE DATA; Schema: public; Owner: gforge
--

COPY project_task (project_task_id, group_project_id, summary, details, percent_complete, priority, hours, start_date, end_date, created_by, status_id, category_id, duration, parent_id, last_modified_date) FROM stdin;
1	1			0	0	0	0	0	100	1	100	0	0	1108701981
\.


--
-- Data for Name: project_task_artifact; Type: TABLE DATA; Schema: public; Owner: gforge
--

COPY project_task_artifact (project_task_id, artifact_id) FROM stdin;
\.


--
-- Data for Name: project_task_external_order; Type: TABLE DATA; Schema: public; Owner: gforge
--

COPY project_task_external_order (project_task_id, external_id) FROM stdin;
\.


--
-- Name: project_task_pk_seq; Type: SEQUENCE SET; Schema: public; Owner: gforge
--

SELECT pg_catalog.setval('project_task_pk_seq', 1, true);


--
-- Data for Name: project_weekly_metric; Type: TABLE DATA; Schema: public; Owner: gforge
--

COPY project_weekly_metric (ranking, percentile, group_id) FROM stdin;
\.


--
-- Name: project_weekly_metric_pk_seq; Type: SEQUENCE SET; Schema: public; Owner: gforge
--

SELECT pg_catalog.setval('project_weekly_metric_pk_seq', 1, false);


--
-- Data for Name: prweb_vhost; Type: TABLE DATA; Schema: public; Owner: gforge
--

COPY prweb_vhost (vhostid, vhost_name, docdir, cgidir, group_id) FROM stdin;
\.


--
-- Name: prweb_vhost_vhostid_seq; Type: SEQUENCE SET; Schema: public; Owner: gforge
--

SELECT pg_catalog.setval('prweb_vhost_vhostid_seq', 1, false);


--
-- Name: recentchanges_rc_id_seq; Type: SEQUENCE SET; Schema: public; Owner: postgres
--

SELECT pg_catalog.setval('recentchanges_rc_id_seq', 1, false);


--
-- Data for Name: recommendations; Type: TABLE DATA; Schema: public; Owner: gforge
--

COPY recommendations (rec_id, user_id, type_id, object_id, rvalue) FROM stdin;
\.


--
-- Name: recommendations_rec_id_seq; Type: SEQUENCE SET; Schema: public; Owner: gforge
--

SELECT pg_catalog.setval('recommendations_rec_id_seq', 1, false);


--
-- Data for Name: rep_group_act_daily; Type: TABLE DATA; Schema: public; Owner: gforge
--

COPY rep_group_act_daily (group_id, day, tracker_opened, tracker_closed, forum, docs, downloads, cvs_commits, tasks_opened, tasks_closed) FROM stdin;
\.


--
-- Data for Name: rep_group_act_monthly; Type: TABLE DATA; Schema: public; Owner: gforge
--

COPY rep_group_act_monthly (group_id, month, tracker_opened, tracker_closed, forum, docs, downloads, cvs_commits, tasks_opened, tasks_closed) FROM stdin;
\.


--
-- Data for Name: rep_group_act_weekly; Type: TABLE DATA; Schema: public; Owner: gforge
--

COPY rep_group_act_weekly (group_id, week, tracker_opened, tracker_closed, forum, docs, downloads, cvs_commits, tasks_opened, tasks_closed) FROM stdin;
\.


--
-- Data for Name: rep_groups_added_daily; Type: TABLE DATA; Schema: public; Owner: gforge
--

COPY rep_groups_added_daily (day, added) FROM stdin;
\.


--
-- Data for Name: rep_groups_added_monthly; Type: TABLE DATA; Schema: public; Owner: gforge
--

COPY rep_groups_added_monthly (month, added) FROM stdin;
\.


--
-- Data for Name: rep_groups_added_weekly; Type: TABLE DATA; Schema: public; Owner: gforge
--

COPY rep_groups_added_weekly (week, added) FROM stdin;
\.


--
-- Data for Name: rep_groups_cum_daily; Type: TABLE DATA; Schema: public; Owner: gforge
--

COPY rep_groups_cum_daily (day, total) FROM stdin;
\.


--
-- Data for Name: rep_groups_cum_monthly; Type: TABLE DATA; Schema: public; Owner: gforge
--

COPY rep_groups_cum_monthly (month, total) FROM stdin;
\.


--
-- Data for Name: rep_groups_cum_weekly; Type: TABLE DATA; Schema: public; Owner: gforge
--

COPY rep_groups_cum_weekly (week, total) FROM stdin;
\.


--
-- Data for Name: rep_time_category; Type: TABLE DATA; Schema: public; Owner: gforge
--

COPY rep_time_category (time_code, category_name) FROM stdin;
1	Coding
2	Testing
3	Meeting
\.


--
-- Name: rep_time_category_time_code_seq; Type: SEQUENCE SET; Schema: public; Owner: gforge
--

SELECT pg_catalog.setval('rep_time_category_time_code_seq', 3, true);


--
-- Data for Name: rep_time_tracking; Type: TABLE DATA; Schema: public; Owner: gforge
--

COPY rep_time_tracking (week, report_date, user_id, project_task_id, time_code, hours) FROM stdin;
\.


--
-- Data for Name: rep_user_act_daily; Type: TABLE DATA; Schema: public; Owner: gforge
--

COPY rep_user_act_daily (user_id, day, tracker_opened, tracker_closed, forum, docs, cvs_commits, tasks_opened, tasks_closed) FROM stdin;
\.


--
-- Data for Name: rep_user_act_monthly; Type: TABLE DATA; Schema: public; Owner: gforge
--

COPY rep_user_act_monthly (user_id, month, tracker_opened, tracker_closed, forum, docs, cvs_commits, tasks_opened, tasks_closed) FROM stdin;
\.


--
-- Data for Name: rep_user_act_weekly; Type: TABLE DATA; Schema: public; Owner: gforge
--

COPY rep_user_act_weekly (user_id, week, tracker_opened, tracker_closed, forum, docs, cvs_commits, tasks_opened, tasks_closed) FROM stdin;
\.


--
-- Data for Name: rep_users_added_daily; Type: TABLE DATA; Schema: public; Owner: gforge
--

COPY rep_users_added_daily (day, added) FROM stdin;
\.


--
-- Data for Name: rep_users_added_monthly; Type: TABLE DATA; Schema: public; Owner: gforge
--

COPY rep_users_added_monthly (month, added) FROM stdin;
\.


--
-- Data for Name: rep_users_added_weekly; Type: TABLE DATA; Schema: public; Owner: gforge
--

COPY rep_users_added_weekly (week, added) FROM stdin;
\.


--
-- Data for Name: rep_users_cum_daily; Type: TABLE DATA; Schema: public; Owner: gforge
--

COPY rep_users_cum_daily (day, total) FROM stdin;
\.


--
-- Data for Name: rep_users_cum_monthly; Type: TABLE DATA; Schema: public; Owner: gforge
--

COPY rep_users_cum_monthly (month, total) FROM stdin;
\.


--
-- Data for Name: rep_users_cum_weekly; Type: TABLE DATA; Schema: public; Owner: gforge
--

COPY rep_users_cum_weekly (week, total) FROM stdin;
\.


--
-- Name: revision_rev_id_seq; Type: SEQUENCE SET; Schema: public; Owner: postgres
--

SELECT pg_catalog.setval('revision_rev_id_seq', 1, false);


--
-- Data for Name: runnable_runtimes; Type: TABLE DATA; Schema: public; Owner: gforge
--

-- COPY runnable_runtimes (runtime_id, interface_id, runtime, date_completed, run_id) FROM stdin;
-- 1	1	6162	1442496824	1
-- 2	1	3143	1442496832	2
-- \.


--
-- Name: runnable_runtimes_runtime_id_seq; Type: SEQUENCE SET; Schema: public; Owner: postgres
--

SELECT pg_catalog.setval('runnable_runtimes_runtime_id_seq', 1, false);


--
-- Name: runnable_runtimes_runtime_id_seq1; Type: SEQUENCE SET; Schema: public; Owner: gforge
--

SELECT pg_catalog.setval('runnable_runtimes_runtime_id_seq1', 2, true);


--
-- Data for Name: servers; Type: TABLE DATA; Schema: public; Owner: gforge
--

COPY servers (server_id, url, user_id, alias) FROM stdin;
1	http://ec2-52-88-73-23.us-west-2.compute.amazonaws.com:8080/DOMEApiServicesV7/	102	baseDOME
2	http://ec2-52-88-73-23.us-west-2.compute.amazonaws.com:8080/DOMEApiServicesV7/	102	baseDOME
\.


--
-- Name: servers_server_id_seq; Type: SEQUENCE SET; Schema: public; Owner: postgres
--

SELECT pg_catalog.setval('servers_server_id_seq', 1, false);


--
-- Name: servers_server_id_seq1; Type: SEQUENCE SET; Schema: public; Owner: gforge
--

SELECT pg_catalog.setval('servers_server_id_seq1', 2, true);



--
-- Data for Name: service_subscriptions; Type: TABLE DATA; Schema: public; Owner: gforge
--

COPY service_subscriptions (group_id, interface_id) FROM stdin;
\.


--
-- Data for Name: site_activity; Type: TABLE DATA; Schema: public; Owner: gforge
--

COPY site_activity (activity_id, time_posted, user_id, type_id, object_id, ref_id, assigned_to_id) FROM stdin;
1	1442495898	102	10	6	\N	\N
\.


--
-- Name: site_activity_activity_id_seq; Type: SEQUENCE SET; Schema: public; Owner: gforge
--

SELECT pg_catalog.setval('site_activity_activity_id_seq', 1, true);


--
-- Data for Name: site_activity_comments; Type: TABLE DATA; Schema: public; Owner: gforge
--

COPY site_activity_comments (activity_comment_id, site_activity_id, user_id, time_posted, comment) FROM stdin;
\.


--
-- Name: site_activity_comments_activity_comment_id_seq; Type: SEQUENCE SET; Schema: public; Owner: gforge
--

SELECT pg_catalog.setval('site_activity_comments_activity_comment_id_seq', 1, false);


--
-- Data for Name: skill_keywords; Type: TABLE DATA; Schema: public; Owner: gforge
--

COPY skill_keywords (skill_keyword_name, skill_keyword_id) FROM stdin;
php	1
mysql	2
psql	3
html	4
css	5
javascript	6
js	7
jquery	8
seo	9
pfm	10
php	11
mysql	12
psql	13
html	14
css	15
javascript	16
js	17
jquery	18
seo	19
pfm	20
\.


--
-- Name: skill_keywords_skill_keyword_id_seq; Type: SEQUENCE SET; Schema: public; Owner: gforge
--

SELECT pg_catalog.setval('skill_keywords_skill_keyword_id_seq', 20, true);


--
-- Name: skills_data_pk_seq; Type: SEQUENCE SET; Schema: public; Owner: gforge
--

SELECT pg_catalog.setval('skills_data_pk_seq', 1, false);


--
-- Name: skills_data_types_pk_seq; Type: SEQUENCE SET; Schema: public; Owner: gforge
--

SELECT pg_catalog.setval('skills_data_types_pk_seq', 4, true);


--
-- Data for Name: snippet; Type: TABLE DATA; Schema: public; Owner: gforge
--

COPY snippet (snippet_id, created_by, name, description, type, language, license, category) FROM stdin;
\.


--
-- Data for Name: snippet_package; Type: TABLE DATA; Schema: public; Owner: gforge
--

COPY snippet_package (snippet_package_id, created_by, name, description, category, language) FROM stdin;
\.


--
-- Data for Name: snippet_package_item; Type: TABLE DATA; Schema: public; Owner: gforge
--

COPY snippet_package_item (snippet_package_item_id, snippet_package_version_id, snippet_version_id) FROM stdin;
\.


--
-- Name: snippet_package_item_pk_seq; Type: SEQUENCE SET; Schema: public; Owner: gforge
--

SELECT pg_catalog.setval('snippet_package_item_pk_seq', 1, false);


--
-- Name: snippet_package_pk_seq; Type: SEQUENCE SET; Schema: public; Owner: gforge
--

SELECT pg_catalog.setval('snippet_package_pk_seq', 1, false);


--
-- Data for Name: snippet_package_version; Type: TABLE DATA; Schema: public; Owner: gforge
--

COPY snippet_package_version (snippet_package_version_id, snippet_package_id, changes, version, submitted_by, post_date) FROM stdin;
\.


--
-- Name: snippet_package_version_pk_seq; Type: SEQUENCE SET; Schema: public; Owner: gforge
--

SELECT pg_catalog.setval('snippet_package_version_pk_seq', 1, false);


--
-- Name: snippet_pk_seq; Type: SEQUENCE SET; Schema: public; Owner: gforge
--

SELECT pg_catalog.setval('snippet_pk_seq', 1, false);


--
-- Data for Name: snippet_version; Type: TABLE DATA; Schema: public; Owner: gforge
--

COPY snippet_version (snippet_version_id, snippet_id, changes, version, submitted_by, post_date, code) FROM stdin;
\.


--
-- Name: snippet_version_pk_seq; Type: SEQUENCE SET; Schema: public; Owner: gforge
--

SELECT pg_catalog.setval('snippet_version_pk_seq', 1, false);




--
-- Data for Name: stats_agg_logo_by_day; Type: TABLE DATA; Schema: public; Owner: gforge
--

COPY stats_agg_logo_by_day (day, count) FROM stdin;
\.


--
-- Data for Name: stats_agg_logo_by_group; Type: TABLE DATA; Schema: public; Owner: gforge
--

COPY stats_agg_logo_by_group (month, day, group_id, count) FROM stdin;
\.


--
-- Data for Name: stats_agg_pages_by_day; Type: TABLE DATA; Schema: public; Owner: gforge
--

COPY stats_agg_pages_by_day (day, count) FROM stdin;
\.


--
-- Data for Name: stats_agg_site_by_group; Type: TABLE DATA; Schema: public; Owner: gforge
--

COPY stats_agg_site_by_group (month, day, group_id, count) FROM stdin;
\.


--
-- Data for Name: stats_cvs_group; Type: TABLE DATA; Schema: public; Owner: gforge
--

COPY stats_cvs_group (month, day, group_id, checkouts, commits, adds) FROM stdin;
\.


--
-- Data for Name: stats_cvs_user; Type: TABLE DATA; Schema: public; Owner: gforge
--

COPY stats_cvs_user (month, day, group_id, user_id, checkouts, commits, adds) FROM stdin;
\.


--
-- Data for Name: stats_project; Type: TABLE DATA; Schema: public; Owner: gforge
--

COPY stats_project (month, day, group_id, file_releases, msg_posted, msg_uniq_auth, bugs_opened, bugs_closed, support_opened, support_closed, patches_opened, patches_closed, artifacts_opened, artifacts_closed, tasks_opened, tasks_closed, help_requests) FROM stdin;
\.


--
-- Data for Name: stats_project_developers; Type: TABLE DATA; Schema: public; Owner: gforge
--

COPY stats_project_developers (month, day, group_id, developers) FROM stdin;
\.


--
-- Data for Name: stats_project_metric; Type: TABLE DATA; Schema: public; Owner: gforge
--

COPY stats_project_metric (month, day, ranking, percentile, group_id) FROM stdin;
\.


--
-- Data for Name: stats_project_months; Type: TABLE DATA; Schema: public; Owner: gforge
--

COPY stats_project_months (month, group_id, developers, group_ranking, group_metric, logo_showings, downloads, site_views, subdomain_views, page_views, file_releases, msg_posted, msg_uniq_auth, bugs_opened, bugs_closed, support_opened, support_closed, patches_opened, patches_closed, artifacts_opened, artifacts_closed, tasks_opened, tasks_closed, help_requests, cvs_checkouts, cvs_commits, cvs_adds) FROM stdin;
\.


--
-- Data for Name: stats_site; Type: TABLE DATA; Schema: public; Owner: gforge
--

COPY stats_site (month, day, uniq_users, sessions, total_users, new_users, new_projects) FROM stdin;
\.


--
-- Data for Name: stats_site_months; Type: TABLE DATA; Schema: public; Owner: gforge
--

COPY stats_site_months (month, site_page_views, downloads, subdomain_views, msg_posted, bugs_opened, bugs_closed, support_opened, support_closed, patches_opened, patches_closed, artifacts_opened, artifacts_closed, tasks_opened, tasks_closed, help_requests, cvs_checkouts, cvs_commits, cvs_adds) FROM stdin;
\.


--
-- Data for Name: stats_site_pages_by_day; Type: TABLE DATA; Schema: public; Owner: gforge
--

COPY stats_site_pages_by_day (month, day, site_page_views) FROM stdin;
\.


--
-- Data for Name: stats_site_pages_by_month; Type: TABLE DATA; Schema: public; Owner: gforge
--

COPY stats_site_pages_by_month (month, site_page_views) FROM stdin;
\.


--
-- Data for Name: stats_subd_pages; Type: TABLE DATA; Schema: public; Owner: gforge
--

COPY stats_subd_pages (month, day, group_id, pages) FROM stdin;
\.



--
-- Data for Name: survey_question_types; Type: TABLE DATA; Schema: public; Owner: gforge
--

COPY survey_question_types (id, type) FROM stdin;
1	Radio Buttons 1-5
2	Text Area
3	Radio Buttons Yes/No
4	Comment Only
5	Text Field
100	None
\.


--
-- Name: survey_question_types_pk_seq; Type: SEQUENCE SET; Schema: public; Owner: gforge
--

SELECT pg_catalog.setval('survey_question_types_pk_seq', 1, false);


--
-- Data for Name: survey_questions; Type: TABLE DATA; Schema: public; Owner: gforge
--

COPY survey_questions (question_id, group_id, question, question_type) FROM stdin;
\.


--
-- Name: survey_questions_pk_seq; Type: SEQUENCE SET; Schema: public; Owner: gforge
--

SELECT pg_catalog.setval('survey_questions_pk_seq', 1, false);


--
-- Data for Name: survey_rating_aggregate; Type: TABLE DATA; Schema: public; Owner: gforge
--

COPY survey_rating_aggregate (type, id, response, count) FROM stdin;
\.


--
-- Data for Name: survey_rating_response; Type: TABLE DATA; Schema: public; Owner: gforge
--

COPY survey_rating_response (user_id, type, id, response, post_date) FROM stdin;
\.


--
-- Data for Name: survey_responses; Type: TABLE DATA; Schema: public; Owner: gforge
--

COPY survey_responses (user_id, group_id, survey_id, question_id, response, post_date) FROM stdin;
\.


--
-- Data for Name: surveys; Type: TABLE DATA; Schema: public; Owner: gforge
--

COPY surveys (survey_id, group_id, survey_title, survey_questions, is_active) FROM stdin;
\.


--
-- Name: surveys_pk_seq; Type: SEQUENCE SET; Schema: public; Owner: gforge
--

SELECT pg_catalog.setval('surveys_pk_seq', 1, false);


--
-- Data for Name: system_event; Type: TABLE DATA; Schema: public; Owner: gforge
--

COPY system_event (id, type, parameters, priority, status, log, create_date, process_date, end_date) FROM stdin;
\.


--
-- Name: system_event_pk_seq; Type: SEQUENCE SET; Schema: public; Owner: gforge
--

SELECT pg_catalog.setval('system_event_pk_seq', 1, false);


--
-- Name: text_old_id_seq; Type: SEQUENCE SET; Schema: public; Owner: postgres
--

SELECT pg_catalog.setval('text_old_id_seq', 1, false);


--
-- Data for Name: themes; Type: TABLE DATA; Schema: public; Owner: gforge
--

COPY themes (theme_id, dirname, fullname, enabled) FROM stdin;
1	gforge	Default Theme	t
5	funky	Funky	t
\.


--
-- Name: themes_pk_seq; Type: SEQUENCE SET; Schema: public; Owner: gforge
--

SELECT pg_catalog.setval('themes_pk_seq', 1, true);


--
-- Name: themes_theme_id_seq; Type: SEQUENCE SET; Schema: public; Owner: gforge
--

SELECT pg_catalog.setval('themes_theme_id_seq', 5, true);


--
-- Name: trackbacks_tb_id_seq; Type: SEQUENCE SET; Schema: public; Owner: postgres
--

SELECT pg_catalog.setval('trackbacks_tb_id_seq', 1, false);


--
-- Data for Name: trove_agg; Type: TABLE DATA; Schema: public; Owner: gforge
--

COPY trove_agg (trove_cat_id, group_id, group_name, unix_group_name, status, register_time, short_description, percentile, ranking) FROM stdin;
\.


--
-- Data for Name: trove_cat; Type: TABLE DATA; Schema: public; Owner: gforge
--

COPY trove_cat (trove_cat_id, version, parent, root_parent, shortname, fullname, description, count_subcat, count_subproj, fullpath, fullpath_ids) FROM stdin;
1	2000031601	0	0	audience	Intended Audience	The main class of people likely to be interested in this resource.	0	0	Intended Audience	1
2	2000032401	1	1	endusers	End Users/Desktop	Programs and resources for software end users. Software for the desktop.	0	0	Intended Audience :: End Users/Desktop	1 :: 2
3	2000041101	1	1	developers	Developers	Programs and resources for software developers, to include libraries.	0	0	Intended Audience :: Developers	1 :: 3
4	2000031601	1	1	sysadmins	System Administrators	Programs and resources for people who administer computers and networks.	0	0	Intended Audience :: System Administrators	1 :: 4
5	2000040701	1	1	other	Other Audience	Programs and resources for an unlisted audience.	0	0	Intended Audience :: Other Audience	1 :: 5
6	2000031601	0	0	developmentstatus	Development Status	An indication of the development status of the software or resource.	0	0	Development Status	6
7	2000040701	6	6	planning	1 - Planning	This resource is in the planning stages only. There is no code.	0	0	Development Status :: 1 - Planning	6 :: 7
8	2000040701	6	6	prealpha	2 - Pre-Alpha	There is code for this project, but it is not usable except for further development.	0	0	Development Status :: 2 - Pre-Alpha	6 :: 8
9	2000041101	6	6	alpha	3 - Alpha	Resource is in early development, and probably incomplete and/or extremely buggy.	0	0	Development Status :: 3 - Alpha	6 :: 9
10	2000040701	6	6	beta	4 - Beta	Resource is in late phases of development. Deliverables are essentially complete, but may still have significant bugs.	0	0	Development Status :: 4 - Beta	6 :: 10
11	2000040701	6	6	production	5 - Production/Stable	Deliverables are complete and usable by the intended audience.	0	0	Development Status :: 5 - Production/Stable	6 :: 11
12	2000040701	6	6	mature	6 - Mature	This resource has an extensive history of successful use and has probably undergone several stable revisions.	0	0	Development Status :: 6 - Mature	6 :: 12
13	2000031601	0	0	license	License	License terms under which the resource is distributed.	0	0	License	13
197	2000032001	13	13	publicdomain	Public Domain	Public Domain. No author-retained rights.	0	0	License :: Public Domain	13 :: 197
196	2000040701	13	13	other	Other/Proprietary License	Non OSI-Approved/Proprietary license.	0	0	License :: Other/Proprietary License	13 :: 196
14	2000032401	13	13	osi	OSI Approved	Licenses that have been approved by OSI as approved	0	0	License :: OSI Approved	13 :: 14
303	2001041701	14	13	nethack	Nethack General Public License	Nethack General Public License	0	0	License :: OSI Approved :: Nethack General Public License	13 :: 14 :: 303
141	2000032001	136	18	clustering	Clustering/Distributed Networks	Tools for automatically distributing computation across a network.	0	0	Topic :: System :: Clustering/Distributed Networks	18 :: 136 :: 141
139	2000032001	136	18	boot	Boot	Programs for bootstrapping your OS.	0	0	Topic :: System :: Boot	18 :: 136 :: 139
140	2000032001	139	18	init	Init	Init-time programs to start system services after boot.	0	0	Topic :: System :: Boot :: Init	18 :: 136 :: 139 :: 140
138	2000032001	136	18	benchmark	Benchmark	Programs for benchmarking system performance.	0	0	Topic :: System :: Benchmark	18 :: 136 :: 138
74	2000042701	136	18	emulators	Emulators	Emulations of foreign operating systme and machines.	0	0	Topic :: System :: Emulators	18 :: 136 :: 74
19	2000032001	136	18	archiving	Archiving	Tools for maintaining and searching software or document archives.	0	0	Topic :: System :: Archiving	18 :: 136 :: 19
137	2000032001	19	18	backup	Backup	Programs to manage and sequence system backup.	0	0	Topic :: System :: Archiving :: Backup	18 :: 136 :: 19 :: 137
42	2000031601	19	18	compression	Compression	Tools and libraries for data compression.	0	0	Topic :: System :: Archiving :: Compression	18 :: 136 :: 19 :: 42
41	2000031601	19	18	packaging	Packaging	Tools for packing and unpacking multi-file formats. Includes data-only formats and software package systems.	0	0	Topic :: System :: Archiving :: Packaging	18 :: 136 :: 19 :: 41
132	2000032001	18	18	religion	Religion	Programs relating to religion and sacred texts.	0	0	Topic :: Religion	18 :: 132
129	2000031701	18	18	office	Office/Business	Software for assisting and organizing work at your desk.	0	0	Topic :: Office/Business	18 :: 129
131	2000032001	129	18	suites	Office Suites	Integrated office suites (word processing, presentation, spreadsheet, database, etc).	0	0	Topic :: Office/Business :: Office Suites	18 :: 129 :: 131
130	2000031701	129	18	scheduling	Scheduling	Projects for scheduling time, to include project management.	0	0	Topic :: Office/Business :: Scheduling	18 :: 129 :: 130
75	2000031701	129	18	financial	Financial	Programs related to finance.	0	0	Topic :: Office/Business :: Financial	18 :: 129 :: 75
79	2000031601	75	18	pointofsale	Point-Of-Sale	Point-Of-Sale applications.	0	0	Topic :: Office/Business :: Financial :: Point-Of-Sale	18 :: 129 :: 75 :: 79
78	2000031601	75	18	spreadsheet	Spreadsheet	Spreadsheet applications.	0	0	Topic :: Office/Business :: Financial :: Spreadsheet	18 :: 129 :: 75 :: 78
77	2000031601	75	18	investment	Investment	Programs for assisting in financial investment.	0	0	Topic :: Office/Business :: Financial :: Investment	18 :: 129 :: 75 :: 77
76	2000031601	75	18	accounting	Accounting	Checkbook balancers and accounting programs.	0	0	Topic :: Office/Business :: Financial :: Accounting	18 :: 129 :: 75 :: 76
234	2000040701	18	18	other	Other/Nonlisted Topic	Topic does not fit into any listed category.	0	0	Topic :: Other/Nonlisted Topic	18 :: 234
156	2000032001	18	18	terminals	Terminals	Terminal emulators, terminal programs, and terminal session utilities.	0	0	Topic :: Terminals	18 :: 156
159	2000032001	156	18	telnet	Telnet	Support for telnet; terminal sessions across Internet links.	0	0	Topic :: Terminals :: Telnet	18 :: 156 :: 159
158	2000032001	156	18	virtual	Terminal Emulators/X Terminals	Programs to handle multiple terminal sessions. Includes terminal emulations for X and other window systems.	0	0	Topic :: Terminals :: Terminal Emulators/X Terminals	18 :: 156 :: 158
157	2000032001	156	18	serial	Serial	Dialup, terminal emulation, and file transfer over serial lines.	0	0	Topic :: Terminals :: Serial	18 :: 156 :: 157
115	2000031701	113	18	capture	Capture/Recording	Sound capture and recording.	0	0	Topic :: Multimedia :: Sound/Audio :: Capture/Recording	18 :: 99 :: 113 :: 115
114	2000031701	113	18	analysis	Analysis	Sound analysis tools, to include frequency analysis.	0	0	Topic :: Multimedia :: Sound/Audio :: Analysis	18 :: 99 :: 113 :: 114
100	2000031601	99	18	graphics	Graphics	Tools and resources for computer graphics.	0	0	Topic :: Multimedia :: Graphics	18 :: 99 :: 100
112	2000031701	100	18	viewers	Viewers	Programs that can display various graphics formats.	0	0	Topic :: Multimedia :: Graphics :: Viewers	18 :: 99 :: 100 :: 112
111	2000031701	100	18	presentation	Presentation	Tools for generating presentation graphics and slides.	0	0	Topic :: Multimedia :: Graphics :: Presentation	18 :: 99 :: 100 :: 111
110	2000031701	100	18	3drendering	3D Rendering	Programs which render 3D models.	0	0	Topic :: Multimedia :: Graphics :: 3D Rendering	18 :: 99 :: 100 :: 110
109	2000031701	100	18	3dmodeling	3D Modeling	Programs for working with 3D Models.	0	0	Topic :: Multimedia :: Graphics :: 3D Modeling	18 :: 99 :: 100 :: 109
106	2000031701	100	18	editors	Editors	Drawing, painting, and structured editing programs.	0	0	Topic :: Multimedia :: Graphics :: Editors	18 :: 99 :: 100 :: 106
108	2000031701	106	18	raster	Raster-Based	Raster/Bitmap based drawing programs.	0	0	Topic :: Multimedia :: Graphics :: Editors :: Raster-Based	18 :: 99 :: 100 :: 106 :: 108
107	2000031701	106	18	vector	Vector-Based	Vector-Based drawing programs.	0	0	Topic :: Multimedia :: Graphics :: Editors :: Vector-Based	18 :: 99 :: 100 :: 106 :: 107
105	2000031701	100	18	conversion	Graphics Conversion	Programs which convert between graphics formats.	0	0	Topic :: Multimedia :: Graphics :: Graphics Conversion	18 :: 99 :: 100 :: 105
101	2000031601	100	18	capture	Capture	Support for scanners, cameras, and screen capture.	0	0	Topic :: Multimedia :: Graphics :: Capture	18 :: 99 :: 100 :: 101
104	2000031601	101	18	screencapture	Screen Capture	Screen capture tools and processors.	0	0	Topic :: Multimedia :: Graphics :: Capture :: Screen Capture	18 :: 99 :: 100 :: 101 :: 104
103	2000031601	101	18	cameras	Digital Camera	Digital Camera	0	0	Topic :: Multimedia :: Graphics :: Capture :: Digital Camera	18 :: 99 :: 100 :: 101 :: 103
102	2000031601	101	18	scanners	Scanners	Support for graphic scanners.	0	0	Topic :: Multimedia :: Graphics :: Capture :: Scanners	18 :: 99 :: 100 :: 101 :: 102
154	2000032001	18	18	printing	Printing	Tools, daemons, and utilities for printer control.	0	0	Topic :: Printing	18 :: 154
136	2000032001	18	18	system	System	Operating system core and administration utilities.	0	0	Topic :: System	18 :: 136
294	2001032001	136	18	shells	System Shells	System Shells	0	0	Topic :: System :: System Shells	18 :: 136 :: 294
257	2000071101	136	18	softwaredist	Software Distribution	Systems software for distributing other software.	0	0	Topic :: System :: Software Distribution	18 :: 136 :: 257
253	2000071101	136	18	sysadministration	Systems Administration	Systems Administration Software (e.g. configuration apps.)	0	0	Topic :: System :: Systems Administration	18 :: 136 :: 253
289	2001032001	253	18	authentication	Authentication/Directory	Authentication and directory services	0	0	Topic :: System :: Systems Administration :: Authentication/Directory	18 :: 136 :: 253 :: 289
291	2001032001	289	18	ldap	LDAP	Leightweight directory access protocol	0	0	Topic :: System :: Systems Administration :: Authentication/Directory :: LDAP	18 :: 136 :: 253 :: 289 :: 291
290	2001032001	289	18	nis	NIS	NIS services	0	0	Topic :: System :: Systems Administration :: Authentication/Directory :: NIS	18 :: 136 :: 253 :: 289 :: 290
153	2000032001	136	18	power	Power (UPS)	Code for communication with uninterruptible power supplies.	0	0	Topic :: System :: Power (UPS)	18 :: 136 :: 153
150	2000032001	136	18	networking	Networking	Network configuration and administration.	0	0	Topic :: System :: Networking	18 :: 136 :: 150
152	2000032001	150	18	monitoring	Monitoring	System monitoring, traffic analysis, and sniffers.	0	0	Topic :: System :: Networking :: Monitoring	18 :: 136 :: 150 :: 152
155	2000032001	152	18	watchdog	Hardware Watchdog	Software to monitor and perform actions or shutdown on hardware trouble detection.	0	0	Topic :: System :: Networking :: Monitoring :: Hardware Watchdog	18 :: 136 :: 150 :: 152 :: 155
151	2000032001	150	18	firewalls	Firewalls	Firewalls and filtering systems.	0	0	Topic :: System :: Networking :: Firewalls	18 :: 136 :: 150 :: 151
148	2000032001	136	18	logging	Logging	Utilities for clearing, rotating, and digesting system logs.	0	0	Topic :: System :: Logging	18 :: 136 :: 148
147	2000032001	136	18	setup	Installation/Setup	Tools for installation and setup of the operating system and other programs.	0	0	Topic :: System :: Installation/Setup	18 :: 136 :: 147
146	2000032001	136	18	hardware	Hardware	Tools for direct, non-kernel control and configuration of hardware.	0	0	Topic :: System :: Hardware	18 :: 136 :: 146
292	2001032001	146	18	drivers	Hardware Drivers	Hardware Drivers	0	0	Topic :: System :: Hardware :: Hardware Drivers	18 :: 136 :: 146 :: 292
144	2000032001	136	18	kernels	Operating System Kernels	OS Kernels, patches, modules, and tools.	0	0	Topic :: System :: Operating System Kernels	18 :: 136 :: 144
239	2000041301	144	18	gnuhurd	GNU Hurd	Kernel code and modules for GNU Hurd.	0	0	Topic :: System :: Operating System Kernels :: GNU Hurd	18 :: 136 :: 144 :: 239
145	2000032001	144	18	bsd	BSD	Code relating to any of the BSD kernels.	0	0	Topic :: System :: Operating System Kernels :: BSD	18 :: 136 :: 144 :: 145
143	2000032001	144	18	linux	Linux	The Linux kernel, patches, and modules.	0	0	Topic :: System :: Operating System Kernels :: Linux	18 :: 136 :: 144 :: 143
142	2000032001	136	18	filesystems	Filesystems	Support for creating, editing, reading, and writing file systems.	0	0	Topic :: System :: Filesystems	18 :: 136 :: 142
287	2001032001	80	18	boardgames	Board Games	Board Games	0	0	Topic :: Games/Entertainment :: Board Games	18 :: 80 :: 287
268	2000082101	80	18	Puzzles	Puzzle Games	Puzzle Games	0	0	Topic :: Games/Entertainment :: Puzzle Games	18 :: 80 :: 268
86	2000031601	80	18	mud	Multi-User Dungeons (MUD)	Massively-multiplayer text based games.	0	0	Topic :: Games/Entertainment :: Multi-User Dungeons (MUD)	18 :: 80 :: 86
85	2000031601	80	18	simulation	Simulation	Simulation games	0	0	Topic :: Games/Entertainment :: Simulation	18 :: 80 :: 85
84	2000031601	80	18	rpg	Role-Playing	Role-Playing games	0	0	Topic :: Games/Entertainment :: Role-Playing	18 :: 80 :: 84
83	2000032401	80	18	turnbasedstrategy	Turn Based Strategy	Turn Based Strategy	0	0	Topic :: Games/Entertainment :: Turn Based Strategy	18 :: 80 :: 83
82	2000031601	80	18	firstpersonshooters	First Person Shooters	First Person Shooters.	0	0	Topic :: Games/Entertainment :: First Person Shooters	18 :: 80 :: 82
81	2000031601	80	18	realtimestrategy	Real Time Strategy	Real Time strategy games	0	0	Topic :: Games/Entertainment :: Real Time Strategy	18 :: 80 :: 81
288	2001032001	80	18	sidescrolling	Side-Scrolling/Arcade Games	Arcade-style side-scrolling games	0	0	Topic :: Games/Entertainment :: Side-Scrolling/Arcade Games	18 :: 80 :: 288
71	2000031601	18	18	education	Education	Programs and tools for educating yourself or others.	0	0	Topic :: Education	18 :: 71
73	2000031601	71	18	testing	Testing	Tools for testing someone's knowledge on a subject.	0	0	Topic :: Education :: Testing	18 :: 71 :: 73
72	2000031601	71	18	cai	Computer Aided Instruction (CAI)	Programs for authoring or using Computer Aided Instrution courses.	0	0	Topic :: Education :: Computer Aided Instruction (CAI)	18 :: 71 :: 72
66	2000031601	18	18	database	Database	Front ends, engines, and tools for database work.	0	0	Topic :: Database	18 :: 66
68	2000031601	66	18	frontends	Front-Ends	Clients and front-ends for generating queries to database engines.	0	0	Topic :: Database :: Front-Ends	18 :: 66 :: 68
67	2000031601	66	18	engines	Database Engines/Servers	Programs that manage data and provide control via some query language.	0	0	Topic :: Database :: Database Engines/Servers	18 :: 66 :: 67
63	2000032001	18	18	editors	Text Editors	Programs for editing code and documents.	0	0	Topic :: Text Editors	18 :: 63
285	2001032001	63	18	textprocessing	Text Processing	Programs or libraries that are designed to batch process text documents	0	0	Topic :: Text Editors :: Text Processing	18 :: 63 :: 285
70	2000031601	63	18	wordprocessors	Word Processors	WYSIWYG word processors.	0	0	Topic :: Text Editors :: Word Processors	18 :: 63 :: 70
69	2000031601	63	18	documentation	Documentation	Tools for the creation and use of documentation.	0	0	Topic :: Text Editors :: Documentation	18 :: 63 :: 69
65	2000031601	63	18	ide	Integrated Development Environments (IDE)	Complete editing environments for code, including cababilities such as compilation and code building assistance.	0	0	Topic :: Text Editors :: Integrated Development Environments (IDE)	18 :: 63 :: 65
64	2000031601	63	18	emacs	Emacs	GNU Emacs and its imitators and tools.	0	0	Topic :: Text Editors :: Emacs	18 :: 63 :: 64
125	2000031701	99	18	video	Video	Video capture, editing, and playback.	0	0	Topic :: Multimedia :: Video	18 :: 99 :: 125
126	2000031701	125	18	capture	Capture	Video capture tools.	0	0	Topic :: Multimedia :: Video :: Capture	18 :: 99 :: 125 :: 126
256	2000071101	125	18	nonlineareditor	Non-Linear Editor	Video Non-Linear Editors	0	0	Topic :: Multimedia :: Video :: Non-Linear Editor	18 :: 99 :: 125 :: 256
128	2000031701	125	18	display	Display	Programs which display various video formats.	0	0	Topic :: Multimedia :: Video :: Display	18 :: 99 :: 125 :: 128
127	2000031701	125	18	conversion	Conversion	Programs which convert between video formats.	0	0	Topic :: Multimedia :: Video :: Conversion	18 :: 99 :: 125 :: 127
113	2000031701	99	18	sound	Sound/Audio	Tools for generating, editing, analyzing, and playing sound.	0	0	Topic :: Multimedia :: Sound/Audio	18 :: 99 :: 113
249	2000042801	113	18	synthesis	Sound Synthesis	Software for creation and synthesis of sound.	0	0	Topic :: Multimedia :: Sound/Audio :: Sound Synthesis	18 :: 99 :: 113 :: 249
248	2000042801	113	18	midi	MIDI	Software related to MIDI synthesis and playback.	0	0	Topic :: Multimedia :: Sound/Audio :: MIDI	18 :: 99 :: 113 :: 248
124	2000031701	113	18	speech	Speech	Speech manipulation and intepretation tools.	0	0	Topic :: Multimedia :: Sound/Audio :: Speech	18 :: 99 :: 113 :: 124
122	2000031701	113	18	players	Players	Programs to play audio files to a sound device.	0	0	Topic :: Multimedia :: Sound/Audio :: Players	18 :: 99 :: 113 :: 122
123	2000031701	122	18	mp3	MP3	Programs to play MP3 audio files.	0	0	Topic :: Multimedia :: Sound/Audio :: Players :: MP3	18 :: 99 :: 113 :: 122 :: 123
121	2000031701	113	18	mixers	Mixers	Programs to mix audio.	0	0	Topic :: Multimedia :: Sound/Audio :: Mixers	18 :: 99 :: 113 :: 121
120	2000031701	113	18	editors	Editors	Programs to edit/manipulate sound data.	0	0	Topic :: Multimedia :: Sound/Audio :: Editors	18 :: 99 :: 113 :: 120
119	2000031701	113	18	conversion	Conversion	Programs to convert between audio formats.	0	0	Topic :: Multimedia :: Sound/Audio :: Conversion	18 :: 99 :: 113 :: 119
116	2000031701	113	18	cdaudio	CD Audio	Programs to play and manipulate audio CDs.	0	0	Topic :: Multimedia :: Sound/Audio :: CD Audio	18 :: 99 :: 113 :: 116
88	2000031601	87	18	finger	Finger	The Finger protocol for getting information about users.	0	0	Topic :: Internet :: Finger	18 :: 87 :: 88
118	2000031701	116	18	cdripping	CD Ripping	Software to convert CD Audio to other digital formats.	0	0	Topic :: Multimedia :: Sound/Audio :: CD Audio :: CD Ripping	18 :: 99 :: 113 :: 116 :: 118
117	2000031701	116	18	cdplay	CD Playing	CD Playing software, to include jukebox software.	0	0	Topic :: Multimedia :: Sound/Audio :: CD Audio :: CD Playing	18 :: 99 :: 113 :: 116 :: 117
260	2000071401	52	18	SCCS	SCCS	SCCS	0	0	Topic :: Software Development :: Version Control :: SCCS	18 :: 45 :: 52 :: 260
54	2000031601	52	18	rcs	RCS	Tools for RCS (Revision Control System).	0	0	Topic :: Software Development :: Version Control :: RCS	18 :: 45 :: 52 :: 54
53	2000031601	52	18	cvs	CVS	Tools for CVS (Concurrent Versioning System).	0	0	Topic :: Software Development :: Version Control :: CVS	18 :: 45 :: 52 :: 53
50	2000031601	45	18	objectbrokering	Object Brokering	Object brokering libraries and tools.	0	0	Topic :: Software Development :: Object Brokering	18 :: 45 :: 50
51	2000031601	50	18	corba	CORBA	Tools for implementation and use of CORBA.	0	0	Topic :: Software Development :: Object Brokering :: CORBA	18 :: 45 :: 50 :: 51
49	2000031601	45	18	interpreters	Interpreters	Programs for interpreting and executing high-level languages directly.	0	0	Topic :: Software Development :: Interpreters	18 :: 45 :: 49
48	2000031601	45	18	compilers	Compilers	Programs for compiling high-level languges into machine code.	0	0	Topic :: Software Development :: Compilers	18 :: 45 :: 48
47	2000031601	45	18	debuggers	Debuggers	Programs for controlling and monitoring the execution of compiled binaries.	0	0	Topic :: Software Development :: Debuggers	18 :: 45 :: 47
46	2000031601	45	18	build	Build Tools	Software for the build process.	0	0	Topic :: Software Development :: Build Tools	18 :: 45 :: 46
43	2000031601	18	18	security	Security	Security-related software, to include system administration and cryptography.	0	0	Topic :: Security	18 :: 43
44	2000031601	43	18	cryptography	Cryptography	Cryptography programs, algorithms, and libraries.	0	0	Topic :: Security :: Cryptography	18 :: 43 :: 44
97	2000042701	18	18	scientific	Scientific/Engineering	Scientific applications, to include research, applied and pure mathematics and sciences.	0	0	Topic :: Scientific/Engineering	18 :: 97
98	2000031601	97	18	mathematics	Mathematics	Software to support pure and applied mathematics.	0	0	Topic :: Scientific/Engineering :: Mathematics	18 :: 97 :: 98
272	2000100501	97	18	HMI	Human Machine Interfaces	This applies to the Factory/Machine control/Automation fields where there are already thousands of applications and millions of installations.	0	0	Topic :: Scientific/Engineering :: Human Machine Interfaces	18 :: 97 :: 272
266	2000081601	97	18	medical	Medical Science Apps.	Medical / BioMedical Science Apps.	0	0	Topic :: Scientific/Engineering :: Medical Science Apps.	18 :: 97 :: 266
252	2000071101	97	18	bioinformatics	Bio-Informatics	Category for gene software (e.g. Gene Ontology)	0	0	Topic :: Scientific/Engineering :: Bio-Informatics	18 :: 97 :: 252
246	2000042701	97	18	eda	Electronic Design Automation (EDA)	Tools for circuit design, schematics, board layout, and more.	0	0	Topic :: Scientific/Engineering :: Electronic Design Automation (EDA)	18 :: 97 :: 246
135	2000032001	97	18	visualization	Visualization	Software for scientific visualization.	0	0	Topic :: Scientific/Engineering :: Visualization	18 :: 97 :: 135
134	2000032001	97	18	astronomy	Astronomy	Software and tools related to astronomy.	0	0	Topic :: Scientific/Engineering :: Astronomy	18 :: 97 :: 134
133	2000032001	97	18	ai	Artificial Intelligence	Artificial Intelligence.	0	0	Topic :: Scientific/Engineering :: Artificial Intelligence	18 :: 97 :: 133
87	2000031601	18	18	internet	Internet	Tools to assist human access to the Internet.	0	0	Topic :: Internet	18 :: 87
270	2000083101	87	18	WAP	WAP	Wireless Access Protocol	0	0	Topic :: Internet :: WAP	18 :: 87 :: 270
245	2000042701	87	18	loganalysis	Log Analysis	Software to help analyze various log files.	0	0	Topic :: Internet :: Log Analysis	18 :: 87 :: 245
149	2000032001	87	18	dns	Name Service (DNS)	Domain name system servers and utilities.	0	0	Topic :: Internet :: Name Service (DNS)	18 :: 87 :: 149
90	2000031601	87	18	www	WWW/HTTP	Programs and tools for the World Wide Web.	0	0	Topic :: Internet :: WWW/HTTP	18 :: 87 :: 90
250	2000042801	90	18	httpservers	HTTP Servers	Software designed to serve content via the HTTP protocol.	0	0	Topic :: Internet :: WWW/HTTP :: HTTP Servers	18 :: 87 :: 90 :: 250
243	2000042701	90	18	sitemanagement	Site Management	Tools for maintanance and management of web sites.	0	0	Topic :: Internet :: WWW/HTTP :: Site Management	18 :: 87 :: 90 :: 243
244	2000042701	243	18	linkchecking	Link Checking	Tools to assist in checking for broken links.	0	0	Topic :: Internet :: WWW/HTTP :: Site Management :: Link Checking	18 :: 87 :: 90 :: 243 :: 244
93	2000031601	90	18	indexing	Indexing/Search	Indexing and search tools for the Web.	0	0	Topic :: Internet :: WWW/HTTP :: Indexing/Search	18 :: 87 :: 90 :: 93
92	2000031601	90	18	dynamic	Dynamic Content	Common Gateway Interface scripting and server-side parsing.	0	0	Topic :: Internet :: WWW/HTTP :: Dynamic Content	18 :: 87 :: 90 :: 92
96	2000031601	92	18	cgi	CGI Tools/Libraries	Tools for the Common Gateway Interface	0	0	Topic :: Internet :: WWW/HTTP :: Dynamic Content :: CGI Tools/Libraries	18 :: 87 :: 90 :: 92 :: 96
95	2000031601	92	18	messageboards	Message Boards	Online message boards	0	0	Topic :: Internet :: WWW/HTTP :: Dynamic Content :: Message Boards	18 :: 87 :: 90 :: 92 :: 95
94	2000031601	92	18	counters	Page Counters	Scripts to count numbers of pageviews.	0	0	Topic :: Internet :: WWW/HTTP :: Dynamic Content :: Page Counters	18 :: 87 :: 90 :: 92 :: 94
91	2000031601	90	18	browsers	Browsers	Web Browsers	0	0	Topic :: Internet :: WWW/HTTP :: Browsers	18 :: 87 :: 90 :: 91
89	2000031601	87	18	ftp	File Transfer Protocol (FTP)	Programs and tools for file transfer via FTP.	0	0	Topic :: Internet :: File Transfer Protocol (FTP)	18 :: 87 :: 89
80	2000031601	18	18	games	Games/Entertainment	Games and Entertainment software.	0	0	Topic :: Games/Entertainment	18 :: 80
18	2000031601	0	0	topic	Topic	Topic categorization.	0	0	Topic	18
20	2000032401	18	18	communications	Communications	Programs intended to facilitate communication between people.	0	0	Topic :: Communications	18 :: 20
27	2000031601	20	18	conferencing	Conferencing	Software to support real-time conferencing over the Internet.	0	0	Topic :: Communications :: Conferencing	18 :: 20 :: 27
22	2000031601	20	18	chat	Chat	Programs to support real-time communication over the Internet.	0	0	Topic :: Communications :: Chat	18 :: 20 :: 22
26	2000031601	22	18	aim	AOL Instant Messanger	Programs to support AOL Instant Messanger.	0	0	Topic :: Communications :: Chat :: AOL Instant Messanger	18 :: 20 :: 22 :: 26
25	2000031601	22	18	talk	Unix Talk	Programs to support Unix Talk protocol.	0	0	Topic :: Communications :: Chat :: Unix Talk	18 :: 20 :: 22 :: 25
24	2000041101	22	18	irc	Internet Relay Chat	Programs to support Internet Relay Chat.	0	0	Topic :: Communications :: Chat :: Internet Relay Chat	18 :: 20 :: 22 :: 24
23	2000031601	22	18	icq	ICQ	Programs to support ICQ.	0	0	Topic :: Communications :: Chat :: ICQ	18 :: 20 :: 22 :: 23
21	2000031601	20	18	bbs	BBS	Bulletin Board systems.	0	0	Topic :: Communications :: BBS	18 :: 20 :: 21
251	2000050101	20	18	filesharing	File Sharing	Software for person-to-person online file sharing.	0	0	Topic :: Communications :: File Sharing	18 :: 20 :: 251
241	2000050101	251	18	napster	Napster	Clients and servers for the Napster file sharing protocol.	0	0	Topic :: Communications :: File Sharing :: Napster	18 :: 20 :: 251 :: 241
286	2001032001	251	18	gnutella	Gnutella	Projects based around the gnutella protocol.	0	0	Topic :: Communications :: File Sharing :: Gnutella	18 :: 20 :: 251 :: 286
247	2000042701	20	18	telephony	Telephony	Telephony related applications, to include automated voice response systems.	0	0	Topic :: Communications :: Telephony	18 :: 20 :: 247
40	2000031601	20	18	internetphone	Internet Phone	Software to support real-time speech communication over the Internet.	0	0	Topic :: Communications :: Internet Phone	18 :: 20 :: 40
39	2000031601	20	18	usenet	Usenet News	Software to support USENET news.	0	0	Topic :: Communications :: Usenet News	18 :: 20 :: 39
38	2000031601	20	18	hamradio	Ham Radio	Tools and resources for amateur radio.	0	0	Topic :: Communications :: Ham Radio	18 :: 20 :: 38
37	2000031601	20	18	fido	FIDO	Tools for FIDOnet mail and echoes.	0	0	Topic :: Communications :: FIDO	18 :: 20 :: 37
36	2000031601	20	18	fax	Fax	Tools for sending and receiving facsimile messages.	0	0	Topic :: Communications :: Fax	18 :: 20 :: 36
28	2000031601	20	18	email	Email	Programs for sending, processing, and handling electronic mail.	0	0	Topic :: Communications :: Email	18 :: 20 :: 28
33	2000031601	28	18	postoffice	Post-Office	Programs to support post-office protocols, including POP and IMAP.	0	0	Topic :: Communications :: Email :: Post-Office	18 :: 20 :: 28 :: 33
35	2000031601	33	18	imap	IMAP	Programs to support IMAP protocol (Internet Message Access Protocol).	0	0	Topic :: Communications :: Email :: Post-Office :: IMAP	18 :: 20 :: 28 :: 33 :: 35
34	2000031601	33	18	pop3	POP3	Programs to support POP3 (Post-Office Protocol, version 3).	0	0	Topic :: Communications :: Email :: Post-Office :: POP3	18 :: 20 :: 28 :: 33 :: 34
32	2000031601	28	18	mta	Mail Transport Agents	Email transport and gatewaying software.	0	0	Topic :: Communications :: Email :: Mail Transport Agents	18 :: 20 :: 28 :: 32
31	2000031601	28	18	mua	Email Clients (MUA)	Programs for interactively reading and sending Email.	0	0	Topic :: Communications :: Email :: Email Clients (MUA)	18 :: 20 :: 28 :: 31
30	2000031601	28	18	listservers	Mailing List Servers	Tools for managing electronic mailing lists.	0	0	Topic :: Communications :: Email :: Mailing List Servers	18 :: 20 :: 28 :: 30
29	2000031601	28	18	filters	Filters	Content-driven filters and dispatchers for Email.	0	0	Topic :: Communications :: Email :: Filters	18 :: 20 :: 28 :: 29
301	2001041701	14	13	nosl	Nokia Open Source License	Nokia Open Source License	0	0	License :: OSI Approved :: Nokia Open Source License	13 :: 14 :: 301
299	2001041701	14	13	iosl	Intel Open Source License	Intel Open Source License	0	0	License :: OSI Approved :: Intel Open Source License	13 :: 14 :: 299
297	2001041701	14	13	vsl	Vovida Software License	Vovida Software License	0	0	License :: OSI Approved :: Vovida Software License	13 :: 14 :: 297
195	2000032001	14	13	zlib	zlib/libpng License	zlib/libpng License	0	0	License :: OSI Approved :: zlib/libpng License	13 :: 14 :: 195
194	2000032001	14	13	python	Python License	Python License	0	0	License :: OSI Approved :: Python License	13 :: 14 :: 194
193	2000032001	14	13	ricoh	Ricoh Source Code Public License	Ricoh Source Code Public License	0	0	License :: OSI Approved :: Ricoh Source Code Public License	13 :: 14 :: 193
192	2000032001	14	13	cvw	MITRE Collaborative Virtual Workspace License (CVW)	MITRE Collaborative Virtual Workspace License (CVW)	0	0	License :: OSI Approved :: MITRE Collaborative Virtual Workspace License (CVW)	13 :: 14 :: 192
191	2000032001	14	13	ibm	IBM Public License	IBM Public License	0	0	License :: OSI Approved :: IBM Public License	13 :: 14 :: 191
190	2000032001	14	13	qpl	QT Public License (QPL)	QT Public License	0	0	License :: OSI Approved :: QT Public License (QPL)	13 :: 14 :: 190
189	2000032001	14	13	mpl	Mozilla Public License (MPL)	Mozilla Public License (MPL)	0	0	License :: OSI Approved :: Mozilla Public License (MPL)	13 :: 14 :: 189
305	2001041701	189	13	mpl11	Mozilla Public License 1.1	Mozilla Public License 1.1	0	0	License :: OSI Approved :: Mozilla Public License (MPL) :: Mozilla Public License 1.1	13 :: 14 :: 189 :: 305
199	2000032101	0	0	os	Operating System	What operating system the program requires to run, if any.	0	0	Operating System	199
200	2000032101	199	199	posix	POSIX	POSIX plus standard Berkeley socket facilities. Don't list a more specific OS unless your program requires it.	0	0	Operating System :: POSIX	199 :: 200
201	2000032101	200	199	linux	Linux	Any version of Linux. Don't specify a subcategory unless the program requires a particular distribution.	0	0	Operating System :: POSIX :: Linux	199 :: 200 :: 201
202	2000032101	200	199	bsd	BSD	Any variant of BSD. Don't specify a subcategory unless the program requires a particular BSD flavor.	0	0	Operating System :: POSIX :: BSD	199 :: 200 :: 202
203	2000041101	202	199	freebsd	FreeBSD	FreeBSD	0	0	Operating System :: POSIX :: BSD :: FreeBSD	199 :: 200 :: 202 :: 203
204	2000032101	202	199	netbsd	NetBSD	NetBSD	0	0	Operating System :: POSIX :: BSD :: NetBSD	199 :: 200 :: 202 :: 204
205	2000032101	202	199	openbsd	OpenBSD	OpenBSD	0	0	Operating System :: POSIX :: BSD :: OpenBSD	199 :: 200 :: 202 :: 205
206	2000032101	202	199	bsdos	BSD/OS	BSD/OS	0	0	Operating System :: POSIX :: BSD :: BSD/OS	199 :: 200 :: 202 :: 206
207	2000032101	200	199	sun	SunOS/Solaris	Any Sun Microsystems OS.	0	0	Operating System :: POSIX :: SunOS/Solaris	199 :: 200 :: 207
208	2000032101	200	199	sco	SCO	SCO	0	0	Operating System :: POSIX :: SCO	199 :: 200 :: 208
209	2000032101	200	199	hpux	HP-UX	HP-UX	0	0	Operating System :: POSIX :: HP-UX	199 :: 200 :: 209
210	2000032101	200	199	aix	AIX	AIX	0	0	Operating System :: POSIX :: AIX	199 :: 200 :: 210
211	2000032101	200	199	irix	IRIX	IRIX	0	0	Operating System :: POSIX :: IRIX	199 :: 200 :: 211
212	2000032101	200	199	other	Other	Other specific POSIX OS, specified in description.	0	0	Operating System :: POSIX :: Other	199 :: 200 :: 212
282	2000121901	18	18	Sociology	Sociology	Social / Informational - Family / etc.	0	0	Topic :: Sociology	18 :: 282
214	2000032101	199	199	microsoft	Microsoft	Microsoft operating systems.	0	0	Operating System :: Microsoft	199 :: 214
215	2000032101	214	199	msdos	MS-DOS	Microsoft Disk Operating System (DOS)	0	0	Operating System :: Microsoft :: MS-DOS	199 :: 214 :: 215
216	2000032101	214	199	windows	Windows	Windows software, not specific to any particular version of Windows.	0	0	Operating System :: Microsoft :: Windows	199 :: 214 :: 216
217	2000032101	216	199	win31	Windows 3.1 or Earlier	Windows 3.1 or Earlier	0	0	Operating System :: Microsoft :: Windows :: Windows 3.1 or Earlier	199 :: 214 :: 216 :: 217
218	2000032101	216	199	win95	Windows 95/98/2000	Windows 95, Windows 98, and Windows 2000.	0	0	Operating System :: Microsoft :: Windows :: Windows 95/98/2000	199 :: 214 :: 216 :: 218
219	2000041101	216	199	winnt	Windows NT/2000	Windows NT and Windows 2000.	0	0	Operating System :: Microsoft :: Windows :: Windows NT/2000	199 :: 214 :: 216 :: 219
220	2000032101	199	199	os2	OS/2	OS/2	0	0	Operating System :: OS/2	199 :: 220
221	2000032101	199	199	macos	MacOS	MacOS	0	0	Operating System :: MacOS	199 :: 221
222	2000032101	216	199	wince	Windows CE	Windows CE	0	0	Operating System :: Microsoft :: Windows :: Windows CE	199 :: 214 :: 216 :: 222
223	2000032101	199	199	palmos	PalmOS	PalmOS (for Palm Pilot)	0	0	Operating System :: PalmOS	199 :: 223
224	2000032101	199	199	beos	BeOS	BeOS	0	0	Operating System :: BeOS	199 :: 224
225	2000032101	0	0	environment	Environment	Run-time environment required for this program.	0	0	Environment	225
226	2000041101	225	225	console	Console (Text Based)	Console-based programs.	0	0	Environment :: Console (Text Based)	225 :: 226
227	2000032401	226	225	curses	Curses	Curses-based software.	0	0	Environment :: Console (Text Based) :: Curses	225 :: 226 :: 227
228	2000040701	226	225	newt	Newt	Newt	0	0	Environment :: Console (Text Based) :: Newt	225 :: 226 :: 228
229	2000040701	225	225	x11	X11 Applications	Programs that run in an X windowing environment.	0	0	Environment :: X11 Applications	225 :: 229
230	2000040701	225	225	win32	Win32 (MS Windows)	Programs designed to run in a graphical Microsoft Windows environment.	0	0	Environment :: Win32 (MS Windows)	225 :: 230
231	2000040701	229	225	gnome	Gnome	Programs designed to run in a Gnome environment.	0	0	Environment :: X11 Applications :: Gnome	225 :: 229 :: 231
232	2000040701	229	225	kde	KDE	Programs designed to run in a KDE environment.	0	0	Environment :: X11 Applications :: KDE	225 :: 229 :: 232
233	2000040701	225	225	other	Other Environment	Programs designed to run in an environment other than one listed.	0	0	Environment :: Other Environment	225 :: 233
283	2000121901	282	18	History	History	History / Informational	0	0	Topic :: Sociology :: History	18 :: 282 :: 283
235	2000041001	199	199	independent	OS Independent	This software does not depend on any particular operating system.	0	0	Operating System :: OS Independent	199 :: 235
236	2000040701	199	199	other	Other OS	Program is designe for a nonlisted operating system.	0	0	Operating System :: Other OS	199 :: 236
237	2000041001	225	225	web	Web Environment	This software is designed for a web environment.	0	0	Environment :: Web Environment	225 :: 237
238	2000041101	225	225	daemon	No Input/Output (Daemon)	This program has no input or output, but is intended to run in the background as a daemon.	0	0	Environment :: No Input/Output (Daemon)	225 :: 238
284	2000121901	282	18	Genealogy	Genealogy	Family History / Genealogy	0	0	Topic :: Sociology :: Genealogy	18 :: 282 :: 284
240	2000041301	200	199	gnuhurd	GNU Hurd	GNU Hurd	0	0	Operating System :: POSIX :: GNU Hurd	199 :: 200 :: 240
55	2000031601	18	18	desktop	Desktop Environment	Accessories, managers, and utilities for your GUI desktop.	0	0	Topic :: Desktop Environment	18 :: 55
58	2000031601	55	18	gnome	Gnome	Software for the Gnome desktop.	0	0	Topic :: Desktop Environment :: Gnome	18 :: 55 :: 58
57	2000031601	55	18	kde	K Desktop Environment (KDE)	Software for the KDE desktop.	0	0	Topic :: Desktop Environment :: K Desktop Environment (KDE)	18 :: 55 :: 57
61	2000031601	57	18	themes	Themes	Themes for KDE.	0	0	Topic :: Desktop Environment :: K Desktop Environment (KDE) :: Themes	18 :: 55 :: 57 :: 61
56	2000031601	55	18	windowmanagers	Window Managers	Programs that provide window control and application launching.	0	0	Topic :: Desktop Environment :: Window Managers	18 :: 55 :: 56
59	2000031601	56	18	enlightenment	Enlightenment	Software for the Enlightenment window manager.	0	0	Topic :: Desktop Environment :: Window Managers :: Enlightenment	18 :: 55 :: 56 :: 59
60	2000031601	59	18	themes	Themes	Themes for the Enlightenment window manager.	0	0	Topic :: Desktop Environment :: Window Managers :: Enlightenment :: Themes	18 :: 55 :: 56 :: 59 :: 60
62	2000031601	55	18	screensavers	Screen Savers	Screen savers and lockers.	0	0	Topic :: Desktop Environment :: Screen Savers	18 :: 55 :: 62
259	2000071401	45	18	codegen	Code Generators	Code Generators	0	0	Topic :: Software Development :: Code Generators	18 :: 45 :: 259
52	2000031601	45	18	versioncontrol	Version Control	Tools for managing multiple versions of evolving sources or documents.	0	0	Topic :: Software Development :: Version Control	18 :: 45 :: 52
160	2000032001	0	0	language	Programming Language	Language in which this program was written, or was meant to support.	0	0	Programming Language	160
161	2000032001	160	160	apl	APL	APL	0	0	Programming Language :: APL	160 :: 161
164	2000032001	160	160	c	C	C	0	0	Programming Language :: C	160 :: 164
162	2000032001	160	160	assembly	Assembly	Assembly-level programs. Platform specific.	0	0	Programming Language :: Assembly	160 :: 162
163	2000051001	160	160	ada	Ada	Ada	0	0	Programming Language :: Ada	160 :: 163
165	2000032001	160	160	cpp	C++	C++	0	0	Programming Language :: C++	160 :: 165
166	2000032401	160	160	eiffel	Eiffel	Eiffel	0	0	Programming Language :: Eiffel	160 :: 166
167	2000032001	160	160	euler	Euler	Euler	0	0	Programming Language :: Euler	160 :: 167
168	2000032001	160	160	forth	Forth	Forth	0	0	Programming Language :: Forth	160 :: 168
169	2000032001	160	160	fortran	Fortran	Fortran	0	0	Programming Language :: Fortran	160 :: 169
170	2000032001	160	160	lisp	Lisp	Lisp	0	0	Programming Language :: Lisp	160 :: 170
171	2000041101	160	160	logo	Logo	Logo	0	0	Programming Language :: Logo	160 :: 171
172	2000032001	160	160	ml	ML	ML	0	0	Programming Language :: ML	160 :: 172
173	2000032001	160	160	modula	Modula	Modula-2 or Modula-3	0	0	Programming Language :: Modula	160 :: 173
174	2000032001	160	160	objectivec	Objective C	Objective C	0	0	Programming Language :: Objective C	160 :: 174
175	2000032001	160	160	pascal	Pascal	Pascal	0	0	Programming Language :: Pascal	160 :: 175
176	2000032001	160	160	perl	Perl	Perl	0	0	Programming Language :: Perl	160 :: 176
177	2000032001	160	160	prolog	Prolog	Prolog	0	0	Programming Language :: Prolog	160 :: 177
178	2000032001	160	160	python	Python	Python	0	0	Programming Language :: Python	160 :: 178
179	2000032001	160	160	rexx	Rexx	Rexx	0	0	Programming Language :: Rexx	160 :: 179
180	2000032001	160	160	simula	Simula	Simula	0	0	Programming Language :: Simula	160 :: 180
181	2000032001	160	160	smalltalk	Smalltalk	Smalltalk	0	0	Programming Language :: Smalltalk	160 :: 181
182	2000032001	160	160	tcl	Tcl	Tcl	0	0	Programming Language :: Tcl	160 :: 182
183	2000032001	160	160	php	PHP	PHP	0	0	Programming Language :: PHP	160 :: 183
263	2000080401	160	160	euphoria	Euphoria	Euphoria programming language - http://www.rapideuphoria.com/	0	0	Programming Language :: Euphoria	160 :: 263
264	2000080701	160	160	erlang	Erlang	Erlang - developed by Ericsson - http://www.erlang.org/	0	0	Programming Language :: Erlang	160 :: 264
267	2000082001	160	160	zope	Zope	Zope Object Publishing	0	0	Programming Language :: Zope	160 :: 267
269	2000082801	160	160	asm	Assembly	ASM programming	0	0	Programming Language :: Assembly	160 :: 269
271	2000092001	160	160	csharp	C#	Microsoft's C++/Java Language	0	0	Programming Language :: C#	160 :: 271
273	2000102001	160	160	Pike	Pike	Pike, see http://pike.roxen.com/.	0	0	Programming Language :: Pike	160 :: 273
184	2000032001	160	160	asp	ASP	Active Server Pages	0	0	Programming Language :: ASP	160 :: 184
185	2000032001	160	160	shell	Unix Shell	Unix Shell	0	0	Programming Language :: Unix Shell	160 :: 185
186	2000032001	160	160	visualbasic	Visual Basic	Visual Basic	0	0	Programming Language :: Visual Basic	160 :: 186
198	2000032001	160	160	java	Java	Java	0	0	Programming Language :: Java	160 :: 198
213	2000032101	160	160	other	Other	Other programming language, specified in description.	0	0	Programming Language :: Other	160 :: 213
242	2000042701	160	160	scheme	Scheme	Scheme programming language.	0	0	Programming Language :: Scheme	160 :: 242
254	2000071101	160	160	plsql	PL/SQL	PL/SQL Programming Language	0	0	Programming Language :: PL/SQL	160 :: 254
255	2000071101	160	160	progress	PROGRESS	PROGRESS Programming Language	0	0	Programming Language :: PROGRESS	160 :: 255
258	2000071101	160	160	objectpascal	Object Pascal	Object Pascal	0	0	Programming Language :: Object Pascal	160 :: 258
261	2000072501	160	160	xbasic	XBasic	XBasic programming language	0	0	Programming Language :: XBasic	160 :: 261
262	2000073101	160	160	coldfusion	Cold Fusion	Cold Fusion Language	0	0	Programming Language :: Cold Fusion	160 :: 262
304	2001041701	189	13	mpl10	Mozilla Public License 1.0	Mozilla Public License 1.0	0	0	License :: OSI Approved :: Mozilla Public License (MPL) :: Mozilla Public License 1.0	13 :: 14 :: 189 :: 304
188	2000032001	14	13	mit	MIT/X Consortium License	MIT License, also the X Consortium License.	0	0	License :: OSI Approved :: MIT/X Consortium License	13 :: 14 :: 188
187	2000032001	14	13	bsd	BSD License	BSD License	0	0	License :: OSI Approved :: BSD License	13 :: 14 :: 187
17	2000032001	14	13	artistic	Artistic License	The Perl Artistic License	0	0	License :: OSI Approved :: Artistic License	13 :: 14 :: 17
16	2000050801	14	13	lgpl	GNU Lesser General Public License (LGPL)	GNU Lesser General Public License	0	0	License :: OSI Approved :: GNU Lesser General Public License (LGPL)	13 :: 14 :: 16
15	2000032001	14	13	gpl	GNU General Public License (GPL)	GNU General Public License.	0	0	License :: OSI Approved :: GNU General Public License (GPL)	13 :: 14 :: 15
280	2000110101	160	160	JavaScript	JavaScript	Java Scripting Language	0	0	Programming Language :: JavaScript	160 :: 280
281	2000111401	160	160	REBOL	REBOL	REBOL Programming Language	0	0	Programming Language :: REBOL	160 :: 281
265	2001032001	160	160	Delphi	Delphi/Kylix	Borland/Inprise Delphi or other Object-Pascal based languages	0	0	Programming Language :: Delphi/Kylix	160 :: 265
293	2001032001	160	160	ruby	Ruby	Ruby programming language	0	0	Programming Language :: Ruby	160 :: 293
45	2000031601	18	18	development	Software Development	Software used to aid software development.	0	0	Topic :: Software Development	18 :: 45
99	2000031601	18	18	multimedia	Multimedia	Graphics, sound, video, and multimedia.	0	0	Topic :: Multimedia	18 :: 99
296	2001041701	14	13	asl	Apache Software License	Apache Software License	0	0	License :: OSI Approved :: Apache Software License	13 :: 14 :: 296
274	2000102401	0	0	natlanguage	Natural Language	The oral/written language for the development and use of this software.	0	0	Natural Language	274
295	2001040601	274	274	russian	Russian	Projects having something to do with Russian Language	0	0	Natural Language :: Russian	274 :: 295
275	2000102401	274	274	english	English	English	0	0	Natural Language :: English	274 :: 275
276	2000102401	274	274	french	French	French	0	0	Natural Language :: French	274 :: 276
277	2000102401	274	274	spanish	Spanish	Spanish	0	0	Natural Language :: Spanish	274 :: 277
278	2000102601	274	274	japanese	Japanese	Projects using the Japanese language	0	0	Natural Language :: Japanese	274 :: 278
279	2000102601	274	274	german	German	Projects using the German language	0	0	Natural Language :: German	274 :: 279
298	2001041701	14	13	sissl	Sun Internet Standards Source License	Sun Internet Standards Source License	0	0	License :: OSI Approved :: Sun Internet Standards Source License	13 :: 14 :: 298
300	2001041701	14	13	josl	Jabber Open Source License	Jabber Open Source License	0	0	License :: OSI Approved :: Jabber Open Source License	13 :: 14 :: 300
302	2001041701	14	13	sleepycat	Sleepycat License	Sleepycat License	0	0	License :: OSI Approved :: Sleepycat License	13 :: 14 :: 302
\.


--
-- Name: trove_cat_pk_seq; Type: SEQUENCE SET; Schema: public; Owner: gforge
--

SELECT pg_catalog.setval('trove_cat_pk_seq', 305, true);


--
-- Data for Name: trove_group_link; Type: TABLE DATA; Schema: public; Owner: gforge
--

COPY trove_group_link (trove_group_id, trove_cat_id, trove_cat_version, group_id, trove_cat_root) FROM stdin;
\.


--
-- Name: trove_group_link_pk_seq; Type: SEQUENCE SET; Schema: public; Owner: gforge
--

SELECT pg_catalog.setval('trove_group_link_pk_seq', 1, false);


--
-- Name: trove_treesum_trove_treesum_seq; Type: SEQUENCE SET; Schema: public; Owner: gforge
--

SELECT pg_catalog.setval('trove_treesum_trove_treesum_seq', 1, false);


--
-- Data for Name: trove_treesums; Type: TABLE DATA; Schema: public; Owner: gforge
--

COPY trove_treesums (trove_treesums_id, trove_cat_id, limit_1, subprojects) FROM stdin;
\.


--
-- Name: trove_treesums_pk_seq; Type: SEQUENCE SET; Schema: public; Owner: gforge
--

SELECT pg_catalog.setval('trove_treesums_pk_seq', 1, false);


--
-- Name: unix_uid_seq; Type: SEQUENCE SET; Schema: public; Owner: gforge
--

SELECT pg_catalog.setval('unix_uid_seq', 1, false);


--
-- Data for Name: user_badges; Type: TABLE DATA; Schema: public; Owner: gforge
--

COPY user_badges (user_id, badge_id) FROM stdin;
\.


--
-- Data for Name: user_bookmarks; Type: TABLE DATA; Schema: public; Owner: gforge
--

COPY user_bookmarks (bookmark_id, user_id, bookmark_url, bookmark_title) FROM stdin;
\.


--
-- Name: user_bookmarks_pk_seq; Type: SEQUENCE SET; Schema: public; Owner: gforge
--

SELECT pg_catalog.setval('user_bookmarks_pk_seq', 1, false);


--
-- Data for Name: user_diary; Type: TABLE DATA; Schema: public; Owner: gforge
--

COPY user_diary (id, user_id, date_posted, summary, details, is_public) FROM stdin;
\.


--
-- Data for Name: user_diary_monitor; Type: TABLE DATA; Schema: public; Owner: gforge
--

COPY user_diary_monitor (monitor_id, monitored_user, user_id) FROM stdin;
\.


--
-- Name: user_diary_monitor_pk_seq; Type: SEQUENCE SET; Schema: public; Owner: gforge
--

SELECT pg_catalog.setval('user_diary_monitor_pk_seq', 1, false);


--
-- Name: user_diary_pk_seq; Type: SEQUENCE SET; Schema: public; Owner: gforge
--

SELECT pg_catalog.setval('user_diary_pk_seq', 1, false);


--
-- Data for Name: pfo_user_role; Type: TABLE DATA; Schema: public; Owner: gforge
--
--
--COPY pfo_user_role (user_group_id, user_id, group_id, admin_flags, forum_flags, project_flags, doc_flags, cvs_flags, member_role, release_flags, artifact_flags, role_id) FROM stdin;
--2	102	1	A               	0	2	0	1	100	0	\N	1
--3	102	2	A               	0	2	0	1	100	0	\N	3
--5	102	6	A               	0	2	0	1	100	0	\N	28
--6	111	6	                	0	2	0	1	100	0	\N	27
--\.
--

--COPY pfo_user_role (user_id, group_id, admin_flags, forum_flags, project_flags, doc_flags, cvs_flags, member_role, release_flags, artifact_flags, role_id) --FROM stdin;
--102	1	A               	0	2	0	1	100	0	\N	1
--102	2	A               	0	2	0	1	100	0	\N	3
--102	6	A               	0	2	0	1	100	0	\N	28
--111	6	                	0	2	0	1	100	0	\N	27
--\.

COPY pfo_user_role (user_id, role_id) FROM stdin;
102	1
102	3
102	28
111	27
\.

--
-- Name: pfo_user_role_pk_seq; Type: SEQUENCE SET; Schema: public; Owner: gforge
--
--
--SELECT pg_catalog.setval('pfo_user_role_pk_seq', 7, true);
--

--
-- Data for Name: user_history; Type: TABLE DATA; Schema: public; Owner: gforge
--

COPY user_history (user_history_id, user_id, field_name, old_value, mod_by, adddate) FROM stdin;
\.


--
-- Name: user_history_pk_seq; Type: SEQUENCE SET; Schema: public; Owner: gforge
--

SELECT pg_catalog.setval('user_history_pk_seq', 1, false);


--
-- Data for Name: user_messages; Type: TABLE DATA; Schema: public; Owner: gforge
--

COPY user_messages (message_id, parent_message_id, from_user_id, to_user_id, time_sent, message_body, read, subject) FROM stdin;
\.


--
-- Name: user_messages_message_id_seq; Type: SEQUENCE SET; Schema: public; Owner: gforge
--

SELECT pg_catalog.setval('user_messages_message_id_seq', 1, false);


--
-- Data for Name: user_metric; Type: TABLE DATA; Schema: public; Owner: gforge
--

COPY user_metric (ranking, user_id, times_ranked, avg_raters_importance, avg_rating, metric, percentile, importance_factor) FROM stdin;
\.


--
-- Data for Name: user_metric0; Type: TABLE DATA; Schema: public; Owner: gforge
--

COPY user_metric0 (ranking, user_id, times_ranked, avg_raters_importance, avg_rating, metric, percentile, importance_factor) FROM stdin;
\.


--
-- Name: user_metric0_pk_seq; Type: SEQUENCE SET; Schema: public; Owner: gforge
--

SELECT pg_catalog.setval('user_metric0_pk_seq', 1, false);


--
-- Data for Name: user_metric_history; Type: TABLE DATA; Schema: public; Owner: gforge
--

COPY user_metric_history (month, day, user_id, ranking, metric) FROM stdin;
\.


--
-- Name: user_metric_pk_seq; Type: SEQUENCE SET; Schema: public; Owner: gforge
--

SELECT pg_catalog.setval('user_metric_pk_seq', 1, false);


--
-- Data for Name: user_plugin; Type: TABLE DATA; Schema: public; Owner: gforge
--

COPY user_plugin (user_plugin_id, user_id, plugin_id) FROM stdin;
\.


--
-- Name: user_plugin_pk_seq; Type: SEQUENCE SET; Schema: public; Owner: gforge
--

SELECT pg_catalog.setval('user_plugin_pk_seq', 1, false);


--
-- Data for Name: user_postcounts; Type: TABLE DATA; Schema: public; Owner: gforge
--

COPY user_postcounts (user_id, postcount) FROM stdin;
\.


--
-- Data for Name: user_preferences; Type: TABLE DATA; Schema: public; Owner: gforge
--

COPY user_preferences (user_id, preference_name, dead1, set_date, preference_value) FROM stdin;
\.


--
-- Data for Name: user_pubkeys; Type: TABLE DATA; Schema: public; Owner: gforge
--

COPY user_pubkeys (user_pubkey_id, user_id, pubkey, title) FROM stdin;
\.


--
-- Name: user_pubkeys_user_pubkey_id_seq; Type: SEQUENCE SET; Schema: public; Owner: gforge
--

SELECT pg_catalog.setval('user_pubkeys_user_pubkey_id_seq', 1, false);


--
-- Data for Name: user_ratings; Type: TABLE DATA; Schema: public; Owner: gforge
--

COPY user_ratings (rated_by, user_id, rate_field, rating) FROM stdin;
\.


--
-- Data for Name: user_session; Type: TABLE DATA; Schema: public; Owner: gforge
--

COPY user_session (user_id, session_hash, ip_addr, "time") FROM stdin;
100	867b0c76e3a110d924f98029a28baa95		1096480068
102	ff67ea719f0e1b58f2ae30512b5bdc80		1331316072
102	854989c3c77de97016fc0c4a14fcd0d1	192.35.44.16	1442495714
102	949574f689e03658b8802ac38d854f88	172.31.38.53	1446477761
102	cc3c51ea806c235751d590c3fef2fb3a	172.31.26.179	1446502850
102	7e0052fdf4c1092372754b9244b7fbc8	172.31.23.54	1446505379
\.


--
-- Data for Name: user_skills; Type: TABLE DATA; Schema: public; Owner: gforge
--

COPY user_skills (user_skill_id, user_skill_name, user_id, experience_level) FROM stdin;
\.


--
-- Data for Name: user_skills_keywords_join; Type: TABLE DATA; Schema: public; Owner: gforge
--

COPY user_skills_keywords_join (user_skill_id, skill_keyword_id) FROM stdin;
\.


--
-- Name: user_skills_user_skill_id_seq; Type: SEQUENCE SET; Schema: public; Owner: gforge
--

SELECT pg_catalog.setval('user_skills_user_skill_id_seq', 1, false);




--
-- Data for Name: widget_rss; Type: TABLE DATA; Schema: public; Owner: gforge
--

COPY widget_rss (id, owner_id, owner_type, title, url) FROM stdin;
\.


--
-- Name: widget_rss_pk_seq; Type: SEQUENCE SET; Schema: public; Owner: gforge
--

SELECT pg_catalog.setval('widget_rss_pk_seq', 1, false);


--
-- Data for Name: wiki_categories; Type: TABLE DATA; Schema: public; Owner: gforge
--

COPY wiki_categories (cat_id, name) FROM stdin;
1	Getting Started
2	Technical Manuals
3	FAQ
4	Getting Started
5	Technical Manuals
6	FAQ
\.


--
-- Name: wiki_categories_cat_id_seq; Type: SEQUENCE SET; Schema: public; Owner: gforge
--

SELECT pg_catalog.setval('wiki_categories_cat_id_seq', 6, true);


--
-- Data for Name: wiki_pages; Type: TABLE DATA; Schema: public; Owner: gforge
--

COPY wiki_pages (page_id, group_id, user_id, name, contents, creation_time, modified_time, modified_user_id) FROM stdin;
\.


--
-- Name: wiki_pages_page_id_seq; Type: SEQUENCE SET; Schema: public; Owner: gforge
--

SELECT pg_catalog.setval('wiki_pages_page_id_seq', 1, false);


--
-- Data for Name: wiki_pages_wiki_categories_join; Type: TABLE DATA; Schema: public; Owner: gforge
--

COPY wiki_pages_wiki_categories_join (cat_id, page_id) FROM stdin;
\.


SET search_path = sqlj, pg_catalog;

