insert into common_address (id,street_address1, street_address2, city, state, country, zip) values (1,'1415 N Cherry', '', 'Chicago', 'IL', 'US', '60642');
insert into organization (organization_id, name, addressid) values (1, 'UI LABS',1 );
insert into Organization_DMDII_Member (Organization_ID, DMDII_Type_ID, Modification_Date, Start_Date, Expire_Date) values (1,1, to_timestamp('01-01-2016','dd-mm-yyyy'),to_timestamp('01/01/2014','dd-mm-yyyy'),to_timestamp('01/01/2050','dd-mm-yyyy'));


insert into common_address (id,street_address1, street_address2, city, state, country, zip) values (5002,'3855 153rd Drive', '', 'Beaverton', 'OR', 'US', '97003');
insert into organization (organization_id, name, addressid) values (5002, '3D PDF Consortium Inc',5002 );
insert into Organization_DMDII_Member (Organization_ID, DMDII_Type_ID, Modification_Date, Start_Date, Expire_Date) values (5002,7, to_timestamp('01-01-2016','dd-mm-yyyy'),to_timestamp('05/08/2016','dd-mm-yyyy'),to_timestamp('01/01/2050','dd-mm-yyyy'));


insert into common_address (id,street_address1, street_address2, city, state, country, zip) values (5003,'333 Three D Systems Circle', '', 'Rock Hill', 'SC', 'US', '29730');
insert into organization (organization_id, name, addressid) values (5003, '3D Systems Corporation',5003 );
insert into Organization_DMDII_Member (Organization_ID, DMDII_Type_ID, Modification_Date, Start_Date, Expire_Date) values (5003,3, to_timestamp('01-01-2016','dd-mm-yyyy'),to_timestamp('18/12/2015','dd-mm-yyyy'),to_timestamp('01/01/2050','dd-mm-yyyy'));


insert into common_address (id,street_address1, street_address2, city, state, country, zip) values (5004,'230 W Division Street, Suite 1408', '', 'Chicago', 'IL', 'US', '60610');
insert into organization (organization_id, name, addressid) values (5004, '3Degrees LLC',5004 );
insert into Organization_DMDII_Member (Organization_ID, DMDII_Type_ID, Modification_Date, Start_Date, Expire_Date) values (5004,3, to_timestamp('01-01-2016','dd-mm-yyyy'),to_timestamp('14/10/2015','dd-mm-yyyy'),to_timestamp('01/01/2050','dd-mm-yyyy'));


insert into common_address (id,street_address1, street_address2, city, state, country, zip) values (5005,'7168 Zionsville Rd', '', 'Indianapolis', 'IN', 'US', '46268');
insert into organization (organization_id, name, addressid) values (5005, '3rd Dimension LLC',5005 );
insert into Organization_DMDII_Member (Organization_ID, DMDII_Type_ID, Modification_Date, Start_Date, Expire_Date) values (5005,3, to_timestamp('01-01-2016','dd-mm-yyyy'),to_timestamp('03/08/2015','dd-mm-yyyy'),to_timestamp('01/01/2050','dd-mm-yyyy'));


insert into common_address (id,street_address1, street_address2, city, state, country, zip) values (5006,'3280 E Hemishpere Loop, Ste 146', '', 'Tucson', 'AZ', 'US', '85706');
insert into organization (organization_id, name, addressid) values (5006, '4D Technology',5006 );
insert into Organization_DMDII_Member (Organization_ID, DMDII_Type_ID, Modification_Date, Start_Date, Expire_Date) values (5006,3, to_timestamp('01-01-2016','dd-mm-yyyy'),to_timestamp('22/10/2015','dd-mm-yyyy'),to_timestamp('01/01/2050','dd-mm-yyyy'));


insert into common_address (id,street_address1, street_address2, city, state, country, zip) values (5007,'84 Stonington Lane, Apt 4', '', 'Getzville', 'NY', 'US', '14068');
insert into organization (organization_id, name, addressid) values (5007, 'Accu Solve Group',5007 );
insert into Organization_DMDII_Member (Organization_ID, DMDII_Type_ID, Modification_Date, Start_Date, Expire_Date) values (5007,3, to_timestamp('01-01-2016','dd-mm-yyyy'),to_timestamp('26/04/2016','dd-mm-yyyy'),to_timestamp('01/01/2050','dd-mm-yyyy'));


insert into common_address (id,street_address1, street_address2, city, state, country, zip) values (5008,'Ace lane', '', 'Ace', 'CA', 'US', '90502');
insert into organization (organization_id, name, addressid) values (5008, 'ACE Clearwater Enterprises',5008 );
insert into Organization_DMDII_Member (Organization_ID, DMDII_Type_ID, Modification_Date, Start_Date, Expire_Date) values (5008,3, to_timestamp('01-01-2016','dd-mm-yyyy'),to_timestamp('26/05/2016','dd-mm-yyyy'),to_timestamp('01/01/2050','dd-mm-yyyy'));


insert into common_address (id,street_address1, street_address2, city, state, country, zip) values (5009,'12081 W Alameda Pkwy #455', '', 'Lakewood ', 'CO', 'US', '80228');
insert into organization (organization_id, name, addressid) values (5009, 'Action Engineering LLC',5009 );
insert into Organization_DMDII_Member (Organization_ID, DMDII_Type_ID, Modification_Date, Start_Date, Expire_Date) values (5009,3, to_timestamp('01-01-2016','dd-mm-yyyy'),to_timestamp('11/08/2016','dd-mm-yyyy'),to_timestamp('01/01/2050','dd-mm-yyyy'));


insert into common_address (id,street_address1, street_address2, city, state, country, zip) values (5010,'21370 SW Langer Farms Pkwy, Suite 142 #140', '', 'Sherwood', 'OR', 'US', '97140');
insert into organization (organization_id, name, addressid) values (5010, 'MBD360 LLC',5010 );
insert into Organization_DMDII_Member (Organization_ID, DMDII_Type_ID, Modification_Date, Start_Date, Expire_Date) values (5010,3, to_timestamp('01-01-2016','dd-mm-yyyy'),to_timestamp('11/05/2015','dd-mm-yyyy'),to_timestamp('01/01/2050','dd-mm-yyyy'));


insert into common_address (id,street_address1, street_address2, city, state, country, zip) values (5011,'Ace lane', '', 'Ace', 'OH', 'US', '11111');
insert into organization (organization_id, name, addressid) values (5011, 'Advanced Engineering Solutions USA Inc',5011 );
insert into Organization_DMDII_Member (Organization_ID, DMDII_Type_ID, Modification_Date, Start_Date, Expire_Date) values (5011,3, to_timestamp('01-01-2016','dd-mm-yyyy'),to_timestamp('12/07/2016','dd-mm-yyyy'),to_timestamp('01/01/2050','dd-mm-yyyy'));


insert into common_address (id,street_address1, street_address2, city, state, country, zip) values (5012,'13720 Old St. Aug Rd, Ste 8-289', '', 'Jacksonville', 'FL', 'US', '32258');
insert into organization (organization_id, name, addressid) values (5012, 'Aeroeda Inc.',5012 );
insert into Organization_DMDII_Member (Organization_ID, DMDII_Type_ID, Modification_Date, Start_Date, Expire_Date) values (5012,3, to_timestamp('01-01-2016','dd-mm-yyyy'),to_timestamp('29/01/2016','dd-mm-yyyy'),to_timestamp('01/01/2050','dd-mm-yyyy'));


insert into common_address (id,street_address1, street_address2, city, state, country, zip) values (5013,'1705 S Capital of Texas Highway', '', 'Austin', 'TX', 'US', '78746');
insert into organization (organization_id, name, addressid) values (5013, 'Affinegy Inc',5013 );
insert into Organization_DMDII_Member (Organization_ID, DMDII_Type_ID, Modification_Date, Start_Date, Expire_Date) values (5013,3, to_timestamp('01-01-2016','dd-mm-yyyy'),to_timestamp('26/05/2016','dd-mm-yyyy'),to_timestamp('01/01/2050','dd-mm-yyyy'));


insert into common_address (id,street_address1, street_address2, city, state, country, zip) values (5014,'Ace lane', '', 'Chicago', 'IL', 'US', '11111');
insert into organization (organization_id, name, addressid) values (5014, 'Agility Network Services, Inc.',5014 );
insert into Organization_DMDII_Member (Organization_ID, DMDII_Type_ID, Modification_Date, Start_Date, Expire_Date) values (5014,3, to_timestamp('01-01-2016','dd-mm-yyyy'),to_timestamp('24/03/2016','dd-mm-yyyy'),to_timestamp('01/01/2050','dd-mm-yyyy'));


insert into common_address (id,street_address1, street_address2, city, state, country, zip) values (5015,'135 South Union Street Suite 401', '', 'Montgomery', 'AL', 'US', '36104');
insert into organization (organization_id, name, addressid) values (5015, 'Alabama Technology Network',5015 );
insert into Organization_DMDII_Member (Organization_ID, DMDII_Type_ID, Modification_Date, Start_Date, Expire_Date) values (5015,7, to_timestamp('01-01-2016','dd-mm-yyyy'),to_timestamp('26/01/2016','dd-mm-yyyy'),to_timestamp('01/01/2050','dd-mm-yyyy'));


insert into common_address (id,street_address1, street_address2, city, state, country, zip) values (5016,'1261 Humbracht Circle Suite A', '', 'Bartlett', 'IL', 'US', '60103');
insert into organization (organization_id, name, addressid) values (5016, 'Alicona Manufacturing Inc.',5016 );
insert into Organization_DMDII_Member (Organization_ID, DMDII_Type_ID, Modification_Date, Start_Date, Expire_Date) values (5016,3, to_timestamp('01-01-2016','dd-mm-yyyy'),to_timestamp('03/08/2015','dd-mm-yyyy'),to_timestamp('01/01/2050','dd-mm-yyyy'));


insert into common_address (id,street_address1, street_address2, city, state, country, zip) values (5017,'8420 West Bryn Mawr Ave, Suite 1020', '', 'Chicago', 'IL', 'US', '60631');
insert into organization (organization_id, name, addressid) values (5017, 'Alliance for Industry and Manufacturing',5017 );
insert into Organization_DMDII_Member (Organization_ID, DMDII_Type_ID, Modification_Date, Start_Date, Expire_Date) values (5017,7, to_timestamp('01-01-2016','dd-mm-yyyy'),to_timestamp('28/07/2016','dd-mm-yyyy'),to_timestamp('01/01/2050','dd-mm-yyyy'));


insert into common_address (id,street_address1, street_address2, city, state, country, zip) values (5018,'Ace lane', '', 'Ace', 'WI', 'US', '11111');
insert into organization (organization_id, name, addressid) values (5018, 'Allied Plastics',5018 );
insert into Organization_DMDII_Member (Organization_ID, DMDII_Type_ID, Modification_Date, Start_Date, Expire_Date) values (5018,3, to_timestamp('01-01-2016','dd-mm-yyyy'),to_timestamp('12/07/2016','dd-mm-yyyy'),to_timestamp('01/01/2050','dd-mm-yyyy'));


insert into common_address (id,street_address1, street_address2, city, state, country, zip) values (5019,'6194 N Penny Lane', '', 'Schaumburg', 'IL', 'US', '60173');
insert into organization (organization_id, name, addressid) values (5019, 'American Foundry Society',5019 );
insert into Organization_DMDII_Member (Organization_ID, DMDII_Type_ID, Modification_Date, Start_Date, Expire_Date) values (5019,7, to_timestamp('01-01-2016','dd-mm-yyyy'),to_timestamp('11/05/2015','dd-mm-yyyy'),to_timestamp('01/01/2050','dd-mm-yyyy'));


insert into common_address (id,street_address1, street_address2, city, state, country, zip) values (5020,'Ace lane', '', 'Ace', 'NY', 'US', '11111');
insert into organization (organization_id, name, addressid) values (5020, 'American Society of Mechanical Engineers (ASME)',5020 );
insert into Organization_DMDII_Member (Organization_ID, DMDII_Type_ID, Modification_Date, Start_Date, Expire_Date) values (5020,6, to_timestamp('01-01-2016','dd-mm-yyyy'),to_timestamp('12/07/2016','dd-mm-yyyy'),to_timestamp('01/01/2050','dd-mm-yyyy'));


insert into common_address (id,street_address1, street_address2, city, state, country, zip) values (5021,'1425 Pearl Street, 2nd Floor', '', 'Boulder', 'CO', 'US', '80302');
insert into organization (organization_id, name, addressid) values (5021, 'Anark Corporation ',5021 );
insert into Organization_DMDII_Member (Organization_ID, DMDII_Type_ID, Modification_Date, Start_Date, Expire_Date) values (5021,3, to_timestamp('01-01-2016','dd-mm-yyyy'),to_timestamp('03/08/2015','dd-mm-yyyy'),to_timestamp('01/01/2050','dd-mm-yyyy'));


insert into common_address (id,street_address1, street_address2, city, state, country, zip) values (5022,'714 E Monument Ave, Ste 204 ', '', 'Dayton ', 'OH', 'US', '45402');
insert into organization (organization_id, name, addressid) values (5022, 'Applied Optimization, Inc. ',5022 );
insert into Organization_DMDII_Member (Organization_ID, DMDII_Type_ID, Modification_Date, Start_Date, Expire_Date) values (5022,3, to_timestamp('01-01-2016','dd-mm-yyyy'),to_timestamp('17/06/2016','dd-mm-yyyy'),to_timestamp('01/01/2050','dd-mm-yyyy'));


insert into common_address (id,street_address1, street_address2, city, state, country, zip) values (5023,'300 Baker Ave, Suite 330', '', 'Concord ', 'MA', 'US', '01742');
insert into organization (organization_id, name, addressid) values (5023, 'aPriori Technologies, In.c',5023 );
insert into Organization_DMDII_Member (Organization_ID, DMDII_Type_ID, Modification_Date, Start_Date, Expire_Date) values (5023,3, to_timestamp('01-01-2016','dd-mm-yyyy'),to_timestamp('11/05/2015','dd-mm-yyyy'),to_timestamp('01/01/2050','dd-mm-yyyy'));


insert into common_address (id,street_address1, street_address2, city, state, country, zip) values (5024,'3 Allied Drive Suite 212', '', 'Dedham', 'MA', 'US', '02026');
insert into organization (organization_id, name, addressid) values (5024, 'ARC Advisory Group',5024 );
insert into Organization_DMDII_Member (Organization_ID, DMDII_Type_ID, Modification_Date, Start_Date, Expire_Date) values (5024,3, to_timestamp('01-01-2016','dd-mm-yyyy'),to_timestamp('04/02/2016','dd-mm-yyyy'),to_timestamp('01/01/2050','dd-mm-yyyy'));


insert into common_address (id,street_address1, street_address2, city, state, country, zip) values (5025,'ORSPA/OKED, 660 S. Mill Ave, Centerpoint Suite 310', '', 'Tempe', 'AZ', 'US', '85281');
insert into organization (organization_id, name, addressid) values (5025, 'Arizona Board of Regents on behalf of Arizona State University',5025 );
insert into Organization_DMDII_Member (Organization_ID, DMDII_Type_ID, Modification_Date, Start_Date, Expire_Date) values (5025,6, to_timestamp('01-01-2016','dd-mm-yyyy'),to_timestamp('11/05/2015','dd-mm-yyyy'),to_timestamp('01/01/2050','dd-mm-yyyy'));


insert into common_address (id,street_address1, street_address2, city, state, country, zip) values (5026,'5005 Rockside Road, Suite 600', '', 'Independence', 'OH', 'US', '44133');
insert into organization (organization_id, name, addressid) values (5026, 'Dynamic Solution Associates Inc',5026 );
insert into Organization_DMDII_Member (Organization_ID, DMDII_Type_ID, Modification_Date, Start_Date, Expire_Date) values (5026,3, to_timestamp('01-01-2016','dd-mm-yyyy'),to_timestamp('11/08/2016','dd-mm-yyyy'),to_timestamp('01/01/2050','dd-mm-yyyy'));


insert into common_address (id,street_address1, street_address2, city, state, country, zip) values (5027,'7901 Westpark Drive', '', 'McLean', 'VA', 'US', '22102');
insert into organization (organization_id, name, addressid) values (5027, 'Association for Manufacturing Technology',5027 );
insert into Organization_DMDII_Member (Organization_ID, DMDII_Type_ID, Modification_Date, Start_Date, Expire_Date) values (5027,7, to_timestamp('01-01-2016','dd-mm-yyyy'),to_timestamp('09/10/2015','dd-mm-yyyy'),to_timestamp('01/01/2050','dd-mm-yyyy'));


insert into common_address (id,street_address1, street_address2, city, state, country, zip) values (5028,'4115 N Teutonia Ave', '', 'Milwaukee', 'WI', 'US', '53209');
insert into organization (organization_id, name, addressid) values (5028, 'Astronautics Corporation of America',5028 );
insert into Organization_DMDII_Member (Organization_ID, DMDII_Type_ID, Modification_Date, Start_Date, Expire_Date) values (5028,3, to_timestamp('01-01-2016','dd-mm-yyyy'),to_timestamp('02/07/2015','dd-mm-yyyy'),to_timestamp('01/01/2050','dd-mm-yyyy'));


insert into common_address (id,street_address1, street_address2, city, state, country, zip) values (5029,'4633 Lawndale Ave', '', 'Lyons', 'IL', 'US', '60534');
insert into organization (organization_id, name, addressid) values (5029, 'Atlast Tool & Die Works, Inc.',5029 );
insert into Organization_DMDII_Member (Organization_ID, DMDII_Type_ID, Modification_Date, Start_Date, Expire_Date) values (5029,3, to_timestamp('01-01-2016','dd-mm-yyyy'),to_timestamp('04/12/2015','dd-mm-yyyy'),to_timestamp('01/01/2050','dd-mm-yyyy'));


insert into common_address (id,street_address1, street_address2, city, state, country, zip) values (5030,'Ace lane', '', 'Farmingdale', 'NY', 'US', '11111');
insert into organization (organization_id, name, addressid) values (5030, 'Ausco Inc.',5030 );
insert into Organization_DMDII_Member (Organization_ID, DMDII_Type_ID, Modification_Date, Start_Date, Expire_Date) values (5030,3, to_timestamp('01-01-2016','dd-mm-yyyy'),to_timestamp('08/12/2015','dd-mm-yyyy'),to_timestamp('01/01/2050','dd-mm-yyyy'));


insert into common_address (id,street_address1, street_address2, city, state, country, zip) values (5031,'Nasa Research Park 20 S. Akron Bldg 20-1', '', 'Moffett Field, ', 'CA', 'US', '94043');
insert into organization (organization_id, name, addressid) values (5031, 'Authentise, Inc.',5031 );
insert into Organization_DMDII_Member (Organization_ID, DMDII_Type_ID, Modification_Date, Start_Date, Expire_Date) values (5031,3, to_timestamp('01-01-2016','dd-mm-yyyy'),to_timestamp('29/05/2015','dd-mm-yyyy'),to_timestamp('01/01/2050','dd-mm-yyyy'));


insert into common_address (id,street_address1, street_address2, city, state, country, zip) values (5032,'1747 W Carroll Ave', '', 'Chicago', 'IL', 'US', '60612');
insert into organization (organization_id, name, addressid) values (5032, 'Aztec Plastic Company',5032 );
insert into Organization_DMDII_Member (Organization_ID, DMDII_Type_ID, Modification_Date, Start_Date, Expire_Date) values (5032,3, to_timestamp('01-01-2016','dd-mm-yyyy'),to_timestamp('22/01/2016','dd-mm-yyyy'),to_timestamp('01/01/2050','dd-mm-yyyy'));


insert into common_address (id,street_address1, street_address2, city, state, country, zip) values (5033,'110 Bairs Road', '', 'York', 'PA', 'US', '17408');
insert into organization (organization_id, name, addressid) values (5033, 'BAE Systems Land & Armaments, L.P. ',5033 );
insert into Organization_DMDII_Member (Organization_ID, DMDII_Type_ID, Modification_Date, Start_Date, Expire_Date) values (5033,3, to_timestamp('01-01-2016','dd-mm-yyyy'),to_timestamp('05/06/2015','dd-mm-yyyy'),to_timestamp('01/01/2050','dd-mm-yyyy'));


insert into common_address (id,street_address1, street_address2, city, state, country, zip) values (5034,'2500 Braga Drive', '', 'Broadview', 'IL', 'US', '60155');
insert into organization (organization_id, name, addressid) values (5034, 'Belden Tools Inc.',5034 );
insert into Organization_DMDII_Member (Organization_ID, DMDII_Type_ID, Modification_Date, Start_Date, Expire_Date) values (5034,3, to_timestamp('01-01-2016','dd-mm-yyyy'),to_timestamp('26/01/2016','dd-mm-yyyy'),to_timestamp('01/01/2050','dd-mm-yyyy'));


insert into common_address (id,street_address1, street_address2, city, state, country, zip) values (5035,'4950 W Thomas', '', 'Chicago', 'IL', 'US', '60651');
insert into organization (organization_id, name, addressid) values (5035, 'Bethel New Life',5035 );
insert into Organization_DMDII_Member (Organization_ID, DMDII_Type_ID, Modification_Date, Start_Date, Expire_Date) values (5035,7, to_timestamp('01-01-2016','dd-mm-yyyy'),to_timestamp('11/05/2015','dd-mm-yyyy'),to_timestamp('01/01/2050','dd-mm-yyyy'));


insert into common_address (id,street_address1, street_address2, city, state, country, zip) values (5036,'2600 Huntington Blvd', '', 'Hoffman Estates', 'IL', 'US', '60192');
insert into organization (organization_id, name, addressid) values (5036, 'Big Kaiser',5036 );
insert into Organization_DMDII_Member (Organization_ID, DMDII_Type_ID, Modification_Date, Start_Date, Expire_Date) values (5036,3, to_timestamp('01-01-2016','dd-mm-yyyy'),to_timestamp('08/10/2015','dd-mm-yyyy'),to_timestamp('01/01/2050','dd-mm-yyyy'));


insert into common_address (id,street_address1, street_address2, city, state, country, zip) values (5037,'391 S Glen Ellyn Rd', '', 'Bloomingdale', 'IL', 'US', '60108');
insert into organization (organization_id, name, addressid) values (5037, 'Bi-Link Metal Specialties, Inc.',5037 );
insert into Organization_DMDII_Member (Organization_ID, DMDII_Type_ID, Modification_Date, Start_Date, Expire_Date) values (5037,3, to_timestamp('01-01-2016','dd-mm-yyyy'),to_timestamp('11/05/2015','dd-mm-yyyy'),to_timestamp('01/01/2050','dd-mm-yyyy'));


insert into common_address (id,street_address1, street_address2, city, state, country, zip) values (5038,'121 E. Beaver Ave.', '', 'State College', 'PA', 'US', '16801');
insert into organization (organization_id, name, addressid) values (5038, 'BlueSwarf LLC',5038 );
insert into Organization_DMDII_Member (Organization_ID, DMDII_Type_ID, Modification_Date, Start_Date, Expire_Date) values (5038,3, to_timestamp('01-01-2016','dd-mm-yyyy'),to_timestamp('15/12/2015','dd-mm-yyyy'),to_timestamp('01/01/2050','dd-mm-yyyy'));


insert into common_address (id,street_address1, street_address2, city, state, country, zip) values (5039,'Ace lane', '', 'Ace', 'FL', 'US', '11111');
insert into organization (organization_id, name, addressid) values (5039, 'SSI America (Bluvision)',5039 );
insert into Organization_DMDII_Member (Organization_ID, DMDII_Type_ID, Modification_Date, Start_Date, Expire_Date) values (5039,3, to_timestamp('01-01-2016','dd-mm-yyyy'),to_timestamp('12/07/2016','dd-mm-yyyy'),to_timestamp('01/01/2050','dd-mm-yyyy'));


insert into common_address (id,street_address1, street_address2, city, state, country, zip) values (5040,'325 JS McDonnel Blvd, Bldg 304 3W, M/C S306-4150', '', 'Hazelwood', 'MO', 'US', '63042');
insert into organization (organization_id, name, addressid) values (5040, 'The Boeing Company/Boeing Research and Technology (BR&T)',5040 );
insert into Organization_DMDII_Member (Organization_ID, DMDII_Type_ID, Modification_Date, Start_Date, Expire_Date) values (5040,2, to_timestamp('01-01-2016','dd-mm-yyyy'),to_timestamp('11/05/2015','dd-mm-yyyy'),to_timestamp('01/01/2050','dd-mm-yyyy'));


insert into common_address (id,street_address1, street_address2, city, state, country, zip) values (5041,'1 Beacon Street', '', 'Boston', 'MA', 'US', '02108');
insert into organization (organization_id, name, addressid) values (5041, 'The Boston Consulting Group',5041 );
insert into Organization_DMDII_Member (Organization_ID, DMDII_Type_ID, Modification_Date, Start_Date, Expire_Date) values (5041,3, to_timestamp('01-01-2016','dd-mm-yyyy'),to_timestamp('09/11/2015','dd-mm-yyyy'),to_timestamp('01/01/2050','dd-mm-yyyy'));


insert into common_address (id,street_address1, street_address2, city, state, country, zip) values (5042,'PO Box 412', '', 'New Ulm', 'MN', 'US', '56073');
insert into organization (organization_id, name, addressid) values (5042, 'Capvidia NA LLC',5042 );
insert into Organization_DMDII_Member (Organization_ID, DMDII_Type_ID, Modification_Date, Start_Date, Expire_Date) values (5042,3, to_timestamp('01-01-2016','dd-mm-yyyy'),to_timestamp('11/05/2015','dd-mm-yyyy'),to_timestamp('01/01/2050','dd-mm-yyyy'));


insert into common_address (id,street_address1, street_address2, city, state, country, zip) values (5043,'10900 Euclid Avenue', '', 'Cleveland', 'OH', 'US', '44106');
insert into organization (organization_id, name, addressid) values (5043, 'Case Western Reserve University',5043 );
insert into Organization_DMDII_Member (Organization_ID, DMDII_Type_ID, Modification_Date, Start_Date, Expire_Date) values (5043,5, to_timestamp('01-01-2016','dd-mm-yyyy'),to_timestamp('04/05/2016','dd-mm-yyyy'),to_timestamp('01/01/2050','dd-mm-yyyy'));


insert into common_address (id,street_address1, street_address2, city, state, country, zip) values (5044,'14009 Old Galena Road', '', 'Mossville', 'IL', 'US', '61552');
insert into organization (organization_id, name, addressid) values (5044, 'Caterpillar, LLC',5044 );
insert into Organization_DMDII_Member (Organization_ID, DMDII_Type_ID, Modification_Date, Start_Date, Expire_Date) values (5044,2, to_timestamp('01-01-2016','dd-mm-yyyy'),to_timestamp('11/05/2015','dd-mm-yyyy'),to_timestamp('01/01/2050','dd-mm-yyyy'));


insert into common_address (id,street_address1, street_address2, city, state, country, zip) values (5045,'9000 Research Drive', '', 'Irvine', 'CA', 'US', '92618');
insert into organization (organization_id, name, addressid) values (5045, 'CGTech',5045 );
insert into Organization_DMDII_Member (Organization_ID, DMDII_Type_ID, Modification_Date, Start_Date, Expire_Date) values (5045,3, to_timestamp('01-01-2016','dd-mm-yyyy'),to_timestamp('03/08/2015','dd-mm-yyyy'),to_timestamp('01/01/2050','dd-mm-yyyy'));


insert into common_address (id,street_address1, street_address2, city, state, country, zip) values (5046,'1315 N. North Branch St.', '', 'Chicago', 'IL', 'US', '60642');
insert into organization (organization_id, name, addressid) values (5046, 'Chicago Scenic Studios, Inc.',5046 );
insert into Organization_DMDII_Member (Organization_ID, DMDII_Type_ID, Modification_Date, Start_Date, Expire_Date) values (5046,3, to_timestamp('01-01-2016','dd-mm-yyyy'),to_timestamp('18/06/2015','dd-mm-yyyy'),to_timestamp('01/01/2050','dd-mm-yyyy'));


insert into common_address (id,street_address1, street_address2, city, state, country, zip) values (5047,'649 N Route 83', '', 'Bensenville', 'IL', 'US', '60106');
insert into organization (organization_id, name, addressid) values (5047, 'Chicago White Metal Casting, Inc.',5047 );
insert into Organization_DMDII_Member (Organization_ID, DMDII_Type_ID, Modification_Date, Start_Date, Expire_Date) values (5047,3, to_timestamp('01-01-2016','dd-mm-yyyy'),to_timestamp('15/12/2015','dd-mm-yyyy'),to_timestamp('01/01/2050','dd-mm-yyyy'));


insert into common_address (id,street_address1, street_address2, city, state, country, zip) values (5048,'3909 Research Park Drive', '', 'Ann Arbor', 'MI', 'US', '48104');
insert into organization (organization_id, name, addressid) values (5048, 'CimData, Inc.',5048 );
insert into Organization_DMDII_Member (Organization_ID, DMDII_Type_ID, Modification_Date, Start_Date, Expire_Date) values (5048,3, to_timestamp('01-01-2016','dd-mm-yyyy'),to_timestamp('18/01/2016','dd-mm-yyyy'),to_timestamp('01/01/2050','dd-mm-yyyy'));


insert into common_address (id,street_address1, street_address2, city, state, country, zip) values (5049,'170 West Tasman Drive', '', 'San Jose', 'CA', 'US', '95134');
insert into organization (organization_id, name, addressid) values (5049, 'Cisco Systems Inc.',5049 );
insert into Organization_DMDII_Member (Organization_ID, DMDII_Type_ID, Modification_Date, Start_Date, Expire_Date) values (5049,3, to_timestamp('01-01-2016','dd-mm-yyyy'),to_timestamp('18/11/2015','dd-mm-yyyy'),to_timestamp('01/01/2050','dd-mm-yyyy'));


insert into common_address (id,street_address1, street_address2, city, state, country, zip) values (5050,'3100 Marine Street UCB 572', '', 'Boulder', 'CO', 'US', '80303');
insert into organization (organization_id, name, addressid) values (5050, 'The Regents of the University of Colorado',5050 );
insert into Organization_DMDII_Member (Organization_ID, DMDII_Type_ID, Modification_Date, Start_Date, Expire_Date) values (5050,5, to_timestamp('01-01-2016','dd-mm-yyyy'),to_timestamp('15/09/2015','dd-mm-yyyy'),to_timestamp('01/01/2050','dd-mm-yyyy'));


insert into common_address (id,street_address1, street_address2, city, state, country, zip) values (5051,'3315 S Waterfront Dr', '', 'Chandler', 'AZ', 'US', '85248');
insert into organization (organization_id, name, addressid) values (5051, 'Composite Solutions and Digital Manufacturing LLC',5051 );
insert into Organization_DMDII_Member (Organization_ID, DMDII_Type_ID, Modification_Date, Start_Date, Expire_Date) values (5051,3, to_timestamp('01-01-2016','dd-mm-yyyy'),to_timestamp('17/03/2016','dd-mm-yyyy'),to_timestamp('01/01/2050','dd-mm-yyyy'));


insert into common_address (id,street_address1, street_address2, city, state, country, zip) values (5052,'165 N Arlington Heights Road, Suite 101', '', 'Buffalo Grove', 'IL', 'US', '60089');
insert into organization (organization_id, name, addressid) values (5052, 'Computer Aided Technology, LLC ',5052 );
insert into Organization_DMDII_Member (Organization_ID, DMDII_Type_ID, Modification_Date, Start_Date, Expire_Date) values (5052,3, to_timestamp('01-01-2016','dd-mm-yyyy'),to_timestamp('17/06/2016','dd-mm-yyyy'),to_timestamp('01/01/2050','dd-mm-yyyy'));


insert into common_address (id,street_address1, street_address2, city, state, country, zip) values (5053,'100 CTC Drive', '', 'Johnstowne', 'PA', 'US', '15904');
insert into organization (organization_id, name, addressid) values (5053, 'Concurrent Technologies Corporation',5053 );
insert into Organization_DMDII_Member (Organization_ID, DMDII_Type_ID, Modification_Date, Start_Date, Expire_Date) values (5053,3, to_timestamp('01-01-2016','dd-mm-yyyy'),to_timestamp('11/05/2015','dd-mm-yyyy'),to_timestamp('01/01/2050','dd-mm-yyyy'));


insert into common_address (id,street_address1, street_address2, city, state, country, zip) values (5054,'91 Joey Drive ', '', 'Elk Grove', 'IL', 'US', '06007');
insert into organization (organization_id, name, addressid) values (5054, 'Crafts Technology',5054 );
insert into Organization_DMDII_Member (Organization_ID, DMDII_Type_ID, Modification_Date, Start_Date, Expire_Date) values (5054,3, to_timestamp('01-01-2016','dd-mm-yyyy'),to_timestamp('26/01/2016','dd-mm-yyyy'),to_timestamp('01/01/2050','dd-mm-yyyy'));


insert into common_address (id,street_address1, street_address2, city, state, country, zip) values (5055,'8550 Astronaut Blvd', '', 'Cape Canaveral', 'FL', 'US', '32920');
insert into organization (organization_id, name, addressid) values (5055, 'Craig Technical Consulting Inc.',5055 );
insert into Organization_DMDII_Member (Organization_ID, DMDII_Type_ID, Modification_Date, Start_Date, Expire_Date) values (5055,3, to_timestamp('01-01-2016','dd-mm-yyyy'),to_timestamp('25/11/2015','dd-mm-yyyy'),to_timestamp('01/01/2050','dd-mm-yyyy'));


insert into common_address (id,street_address1, street_address2, city, state, country, zip) values (5056,'Ace lane', '', 'Ace', 'IL', 'US', '11111');
insert into organization (organization_id, name, addressid) values (5056, 'CreateASoft',5056 );
insert into Organization_DMDII_Member (Organization_ID, DMDII_Type_ID, Modification_Date, Start_Date, Expire_Date) values (5056,3, to_timestamp('01-01-2016','dd-mm-yyyy'),to_timestamp('12/07/2016','dd-mm-yyyy'),to_timestamp('01/01/2050','dd-mm-yyyy'));


insert into common_address (id,street_address1, street_address2, city, state, country, zip) values (5057,'3633 Vireo Ave', '', 'Santa Clara', 'CA', 'US', '95051');
insert into organization (organization_id, name, addressid) values (5057, 'Crestlight Ventures, LLC',5057 );
insert into Organization_DMDII_Member (Organization_ID, DMDII_Type_ID, Modification_Date, Start_Date, Expire_Date) values (5057,3, to_timestamp('01-01-2016','dd-mm-yyyy'),to_timestamp('09/10/2015','dd-mm-yyyy'),to_timestamp('01/01/2050','dd-mm-yyyy'));


insert into common_address (id,street_address1, street_address2, city, state, country, zip) values (5058,'4455 Genesee Street, Suite 106', '', 'Buffalo', 'NY', 'US', '14225');
insert into organization (organization_id, name, addressid) values (5058, 'CUBRC, Inc. ',5058 );
insert into Organization_DMDII_Member (Organization_ID, DMDII_Type_ID, Modification_Date, Start_Date, Expire_Date) values (5058,6, to_timestamp('01-01-2016','dd-mm-yyyy'),to_timestamp('07/04/2016','dd-mm-yyyy'),to_timestamp('01/01/2050','dd-mm-yyyy'));


insert into common_address (id,street_address1, street_address2, city, state, country, zip) values (5059,'1201 W. 5th St, Suite 800', '', 'Los Angeles', 'CA', 'US', '90017');
insert into organization (organization_id, name, addressid) values (5059, 'Daqri LLC',5059 );
insert into Organization_DMDII_Member (Organization_ID, DMDII_Type_ID, Modification_Date, Start_Date, Expire_Date) values (5059,3, to_timestamp('01-01-2016','dd-mm-yyyy'),to_timestamp('12/01/2016','dd-mm-yyyy'),to_timestamp('01/01/2050','dd-mm-yyyy'));


insert into common_address (id,street_address1, street_address2, city, state, country, zip) values (5060,'One John Deere Place', '', 'Moline', 'IL', 'US', '61265');
insert into organization (organization_id, name, addressid) values (5060, 'Deere and Company',5060 );
insert into Organization_DMDII_Member (Organization_ID, DMDII_Type_ID, Modification_Date, Start_Date, Expire_Date) values (5060,2, to_timestamp('01-01-2016','dd-mm-yyyy'),to_timestamp('11/05/2015','dd-mm-yyyy'),to_timestamp('01/01/2050','dd-mm-yyyy'));


insert into common_address (id,street_address1, street_address2, city, state, country, zip) values (5061,'Ace lane', '', 'Ace', 'IL', 'US', '11111');
insert into organization (organization_id, name, addressid) values (5061, 'Deloitte Consulting LLP',5061 );
insert into Organization_DMDII_Member (Organization_ID, DMDII_Type_ID, Modification_Date, Start_Date, Expire_Date) values (5061,3, to_timestamp('01-01-2016','dd-mm-yyyy'),to_timestamp('14/04/2016','dd-mm-yyyy'),to_timestamp('01/01/2050','dd-mm-yyyy'));


insert into common_address (id,street_address1, street_address2, city, state, country, zip) values (5062,'862 White Street', '', 'Dubuque', 'IA', 'US', '52001');
insert into organization (organization_id, name, addressid) values (5062, 'Design Mill Inc.',5062 );
insert into Organization_DMDII_Member (Organization_ID, DMDII_Type_ID, Modification_Date, Start_Date, Expire_Date) values (5062,3, to_timestamp('01-01-2016','dd-mm-yyyy'),to_timestamp('05/11/2015','dd-mm-yyyy'),to_timestamp('01/01/2050','dd-mm-yyyy'));


insert into common_address (id,street_address1, street_address2, city, state, country, zip) values (5063,'343 West Erie Street Suite 600', '', 'Chicago', 'IL', 'US', '60654');
insert into organization (organization_id, name, addressid) values (5063, 'Devbridge Group, LLC',5063 );
insert into Organization_DMDII_Member (Organization_ID, DMDII_Type_ID, Modification_Date, Start_Date, Expire_Date) values (5063,3, to_timestamp('01-01-2016','dd-mm-yyyy'),to_timestamp('17/02/2016','dd-mm-yyyy'),to_timestamp('01/01/2050','dd-mm-yyyy'));


insert into common_address (id,street_address1, street_address2, city, state, country, zip) values (5064,'5750 New King Drive Ste 330 ', '', 'Troy ', 'MI ', 'US', '48098');
insert into organization (organization_id, name, addressid) values (5064, 'Dimensional Control Systems, Inc. ',5064 );
insert into Organization_DMDII_Member (Organization_ID, DMDII_Type_ID, Modification_Date, Start_Date, Expire_Date) values (5064,3, to_timestamp('01-01-2016','dd-mm-yyyy'),to_timestamp('17/06/2016','dd-mm-yyyy'),to_timestamp('01/01/2050','dd-mm-yyyy'));


insert into common_address (id,street_address1, street_address2, city, state, country, zip) values (5065,'1350 SW Alsbury Blvd. #514', '', 'Burleson', 'TX', 'US', '76028');
insert into organization (organization_id, name, addressid) values (5065, 'Dimensional Metrology Standards Consortium, Inc. ',5065 );
insert into Organization_DMDII_Member (Organization_ID, DMDII_Type_ID, Modification_Date, Start_Date, Expire_Date) values (5065,7, to_timestamp('01-01-2016','dd-mm-yyyy'),to_timestamp('11/05/2015','dd-mm-yyyy'),to_timestamp('01/01/2050','dd-mm-yyyy'));


insert into common_address (id,street_address1, street_address2, city, state, country, zip) values (5066,'1700 Rockville Pike Suite 400', '', 'Rockville', 'MD', 'US', '20852');
insert into organization (organization_id, name, addressid) values (5066, 'Diverse Manufacturing Supply Chain Alliance',5066 );
insert into Organization_DMDII_Member (Organization_ID, DMDII_Type_ID, Modification_Date, Start_Date, Expire_Date) values (5066,7, to_timestamp('01-01-2016','dd-mm-yyyy'),to_timestamp('26/01/2016','dd-mm-yyyy'),to_timestamp('01/01/2050','dd-mm-yyyy'));


insert into common_address (id,street_address1, street_address2, city, state, country, zip) values (5067,'2030 Dow Center', '', 'Midland', 'MI', 'US', '48674');
insert into organization (organization_id, name, addressid) values (5067, 'The Dow Chemical Company',5067 );
insert into Organization_DMDII_Member (Organization_ID, DMDII_Type_ID, Modification_Date, Start_Date, Expire_Date) values (5067,1, to_timestamp('01-01-2016','dd-mm-yyyy'),to_timestamp('24/02/2016','dd-mm-yyyy'),to_timestamp('01/01/2050','dd-mm-yyyy'));


insert into common_address (id,street_address1, street_address2, city, state, country, zip) values (5068,'2222 N Elston Ave, Suite 200', '', 'Chicago', 'IL', 'US', '60614');
insert into organization (organization_id, name, addressid) values (5068, 'Dynamic Motion Control, Inc.',5068 );
insert into Organization_DMDII_Member (Organization_ID, DMDII_Type_ID, Modification_Date, Start_Date, Expire_Date) values (5068,3, to_timestamp('01-01-2016','dd-mm-yyyy'),to_timestamp('11/05/2015','dd-mm-yyyy'),to_timestamp('01/01/2050','dd-mm-yyyy'));


insert into common_address (id,street_address1, street_address2, city, state, country, zip) values (5069,'306 W River Drive', '', 'Davenport', 'IA', 'US', '52801');
insert into organization (organization_id, name, addressid) values (5069, 'Eastern Iowa Community College District',5069 );
insert into Organization_DMDII_Member (Organization_ID, DMDII_Type_ID, Modification_Date, Start_Date, Expire_Date) values (5069,6, to_timestamp('01-01-2016','dd-mm-yyyy'),to_timestamp('15/09/2015','dd-mm-yyyy'),to_timestamp('01/01/2050','dd-mm-yyyy'));


insert into common_address (id,street_address1, street_address2, city, state, country, zip) values (5070,'1250 Arthur E. Adams Drive', '', 'Columbus', 'OH', 'US', '43221');
insert into organization (organization_id, name, addressid) values (5070, 'Edison Welding Institute, Inc.',5070 );
insert into Organization_DMDII_Member (Organization_ID, DMDII_Type_ID, Modification_Date, Start_Date, Expire_Date) values (5070,7, to_timestamp('01-01-2016','dd-mm-yyyy'),to_timestamp('29/10/2015','dd-mm-yyyy'),to_timestamp('01/01/2050','dd-mm-yyyy'));


insert into common_address (id,street_address1, street_address2, city, state, country, zip) values (5071,'1261 Humbracht Circle Suite A', '', 'Bartlett', 'IL', 'US', '60103');
insert into organization (organization_id, name, addressid) values (5071, 'EDM Department Inc.',5071 );
insert into Organization_DMDII_Member (Organization_ID, DMDII_Type_ID, Modification_Date, Start_Date, Expire_Date) values (5071,3, to_timestamp('01-01-2016','dd-mm-yyyy'),to_timestamp('06/08/2015','dd-mm-yyyy'),to_timestamp('01/01/2050','dd-mm-yyyy'));


insert into common_address (id,street_address1, street_address2, city, state, country, zip) values (5072,'2541 Technology Drive, Suite 410', '', 'Elgin', 'IL', 'US', '60124');
insert into organization (organization_id, name, addressid) values (5072, 'Erwin Junker Machinery, Inc.',5072 );
insert into Organization_DMDII_Member (Organization_ID, DMDII_Type_ID, Modification_Date, Start_Date, Expire_Date) values (5072,3, to_timestamp('01-01-2016','dd-mm-yyyy'),to_timestamp('26/10/2015','dd-mm-yyyy'),to_timestamp('01/01/2050','dd-mm-yyyy'));


insert into common_address (id,street_address1, street_address2, city, state, country, zip) values (5073,'32605 W 12 Mile Road, Suite 350', '', 'Farmington Hills', 'MI', 'US', '48334');
insert into organization (organization_id, name, addressid) values (5073, 'ESI North America',5073 );
insert into Organization_DMDII_Member (Organization_ID, DMDII_Type_ID, Modification_Date, Start_Date, Expire_Date) values (5073,3, to_timestamp('01-01-2016','dd-mm-yyyy'),to_timestamp('11/06/2015','dd-mm-yyyy'),to_timestamp('01/01/2050','dd-mm-yyyy'));


insert into common_address (id,street_address1, street_address2, city, state, country, zip) values (5074,'Ace lane', '', 'Rockford', 'IL', 'US', '11111');
insert into organization (organization_id, name, addressid) values (5074, 'Fabricator and Manufacturers Association',5074 );
insert into Organization_DMDII_Member (Organization_ID, DMDII_Type_ID, Modification_Date, Start_Date, Expire_Date) values (5074,7, to_timestamp('01-01-2016','dd-mm-yyyy'),to_timestamp('22/10/2015','dd-mm-yyyy'),to_timestamp('01/01/2050','dd-mm-yyyy'));


insert into common_address (id,street_address1, street_address2, city, state, country, zip) values (5075,'1224 Village Run NE', '', 'Atlanta', 'GA', 'US', '30319');
insert into organization (organization_id, name, addressid) values (5075, 'Factory Right, LLC',5075 );
insert into Organization_DMDII_Member (Organization_ID, DMDII_Type_ID, Modification_Date, Start_Date, Expire_Date) values (5075,3, to_timestamp('01-01-2016','dd-mm-yyyy'),to_timestamp('24/02/2016','dd-mm-yyyy'),to_timestamp('01/01/2050','dd-mm-yyyy'));


insert into common_address (id,street_address1, street_address2, city, state, country, zip) values (5076,'2800 High Meadow Circle', '', 'Auburn Hills', 'MI', 'US', '48326');
insert into organization (organization_id, name, addressid) values (5076, 'Faurecia USA Holdings, Inc',5076 );
insert into Organization_DMDII_Member (Organization_ID, DMDII_Type_ID, Modification_Date, Start_Date, Expire_Date) values (5076,2, to_timestamp('01-01-2016','dd-mm-yyyy'),to_timestamp('30/03/2016','dd-mm-yyyy'),to_timestamp('01/01/2050','dd-mm-yyyy'));


insert into common_address (id,street_address1, street_address2, city, state, country, zip) values (5077,'8755 W. Higgins Rd Ste 970', '', 'Chicago', 'IL', 'US', '60631');
insert into organization (organization_id, name, addressid) values (5077, 'Feralloy Corporation',5077 );
insert into Organization_DMDII_Member (Organization_ID, DMDII_Type_ID, Modification_Date, Start_Date, Expire_Date) values (5077,3, to_timestamp('01-01-2016','dd-mm-yyyy'),to_timestamp('15/05/2015','dd-mm-yyyy'),to_timestamp('01/01/2050','dd-mm-yyyy'));


insert into common_address (id,street_address1, street_address2, city, state, country, zip) values (5078,'6580 Snowdrift Road', '', 'Allentown', 'PA', 'US', '18106');
insert into organization (organization_id, name, addressid) values (5078, 'FlexLink Systems Inc (Coesia)',5078 );
insert into Organization_DMDII_Member (Organization_ID, DMDII_Type_ID, Modification_Date, Start_Date, Expire_Date) values (5078,3, to_timestamp('01-01-2016','dd-mm-yyyy'),to_timestamp('12/02/2016','dd-mm-yyyy'),to_timestamp('01/01/2050','dd-mm-yyyy'));


insert into common_address (id,street_address1, street_address2, city, state, country, zip) values (5079,'250 E. 5th St. Suite 1500', '', 'Cincinnati', 'OH', 'US', '45202');
insert into organization (organization_id, name, addressid) values (5079, 'Forcam, Inc.',5079 );
insert into Organization_DMDII_Member (Organization_ID, DMDII_Type_ID, Modification_Date, Start_Date, Expire_Date) values (5079,3, to_timestamp('01-01-2016','dd-mm-yyyy'),to_timestamp('04/02/2016','dd-mm-yyyy'),to_timestamp('01/01/2050','dd-mm-yyyy'));


insert into common_address (id,street_address1, street_address2, city, state, country, zip) values (5080,'Ace lane', '', 'Ace', 'IL', 'US', '11111');
insert into organization (organization_id, name, addressid) values (5080, 'Ford Motor Company',5080 );
insert into Organization_DMDII_Member (Organization_ID, DMDII_Type_ID, Modification_Date, Start_Date, Expire_Date) values (5080,3, to_timestamp('01-01-2016','dd-mm-yyyy'),to_timestamp('14/04/2016','dd-mm-yyyy'),to_timestamp('01/01/2050','dd-mm-yyyy'));


insert into common_address (id,street_address1, street_address2, city, state, country, zip) values (5081,'2801 Telecom Parkway', '', 'Richardson', 'TX', 'US', '75802');
insert into organization (organization_id, name, addressid) values (5081, 'Fujitsu Network Communications, Inc.',5081 );
insert into Organization_DMDII_Member (Organization_ID, DMDII_Type_ID, Modification_Date, Start_Date, Expire_Date) values (5081,3, to_timestamp('01-01-2016','dd-mm-yyyy'),to_timestamp('03/08/2015','dd-mm-yyyy'),to_timestamp('01/01/2050','dd-mm-yyyy'));


insert into common_address (id,street_address1, street_address2, city, state, country, zip) values (5082,'3189 Princeton Road, Suite #220', '', 'Hamilton', 'OH', 'US', '45011');
insert into organization (organization_id, name, addressid) values (5082, 'Future Way Designs, LLC',5082 );
insert into Organization_DMDII_Member (Organization_ID, DMDII_Type_ID, Modification_Date, Start_Date, Expire_Date) values (5082,3, to_timestamp('01-01-2016','dd-mm-yyyy'),to_timestamp('17/05/2016','dd-mm-yyyy'),to_timestamp('01/01/2050','dd-mm-yyyy'));


insert into common_address (id,street_address1, street_address2, city, state, country, zip) values (5083,'421 SW Sixth, Suite 300', '', 'Portland', 'OR', 'US', '97204');
insert into organization (organization_id, name, addressid) values (5083, 'Galois, Inc.',5083 );
insert into Organization_DMDII_Member (Organization_ID, DMDII_Type_ID, Modification_Date, Start_Date, Expire_Date) values (5083,3, to_timestamp('01-01-2016','dd-mm-yyyy'),to_timestamp('11/05/2015','dd-mm-yyyy'),to_timestamp('01/01/2050','dd-mm-yyyy'));


insert into common_address (id,street_address1, street_address2, city, state, country, zip) values (5084,'3520 30 Avenue', '', 'Kenosha', 'WI', 'US', '53144');
insert into organization (organization_id, name, addressid) values (5084, 'Gateway Technical College',5084 );
insert into Organization_DMDII_Member (Organization_ID, DMDII_Type_ID, Modification_Date, Start_Date, Expire_Date) values (5084,7, to_timestamp('01-01-2016','dd-mm-yyyy'),to_timestamp('17/03/2016','dd-mm-yyyy'),to_timestamp('01/01/2050','dd-mm-yyyy'));


insert into common_address (id,street_address1, street_address2, city, state, country, zip) values (5085,'1 Research Circle', '', 'Niskayuna', 'NY', 'US', '12309');
insert into organization (organization_id, name, addressid) values (5085, 'General Electric Company',5085 );
insert into Organization_DMDII_Member (Organization_ID, DMDII_Type_ID, Modification_Date, Start_Date, Expire_Date) values (5085,1, to_timestamp('01-01-2016','dd-mm-yyyy'),to_timestamp('11/05/2015','dd-mm-yyyy'),to_timestamp('01/01/2050','dd-mm-yyyy'));


insert into common_address (id,street_address1, street_address2, city, state, country, zip) values (5086,'8900 N. Harrison St.', '', 'Davenport', 'IA', 'US', '52806');
insert into organization (organization_id, name, addressid) values (5086, 'Genesis Systems Group, LLC',5086 );
insert into Organization_DMDII_Member (Organization_ID, DMDII_Type_ID, Modification_Date, Start_Date, Expire_Date) values (5086,3, to_timestamp('01-01-2016','dd-mm-yyyy'),to_timestamp('17/03/2016','dd-mm-yyyy'),to_timestamp('01/01/2050','dd-mm-yyyy'));


insert into common_address (id,street_address1, street_address2, city, state, country, zip) values (5087,'500 5th Street NW', '', 'Washington', 'DC', 'US', '20001');
insert into organization (organization_id, name, addressid) values (5087, 'The George E Brown United States Mexico Foundation for Science',5087 );
insert into Organization_DMDII_Member (Organization_ID, DMDII_Type_ID, Modification_Date, Start_Date, Expire_Date) values (5087,7, to_timestamp('01-01-2016','dd-mm-yyyy'),to_timestamp('07/04/2016','dd-mm-yyyy'),to_timestamp('01/01/2050','dd-mm-yyyy'));


insert into common_address (id,street_address1, street_address2, city, state, country, zip) values (5088,'4400 University Drive, MS 4C6', '', 'Fairfax', 'VA', 'US', '22030');
insert into organization (organization_id, name, addressid) values (5088, 'George Mason University',5088 );
insert into Organization_DMDII_Member (Organization_ID, DMDII_Type_ID, Modification_Date, Start_Date, Expire_Date) values (5088,7, to_timestamp('01-01-2016','dd-mm-yyyy'),to_timestamp('21/09/2015','dd-mm-yyyy'),to_timestamp('01/01/2050','dd-mm-yyyy'));


insert into common_address (id,street_address1, street_address2, city, state, country, zip) values (5089,'505 10th Street', '', 'Atlanta', 'GA', 'US', '30318');
insert into organization (organization_id, name, addressid) values (5089, 'Georgia Tech Research Corp. and Georgia Tech Applied Research Corporation',5089 );
insert into Organization_DMDII_Member (Organization_ID, DMDII_Type_ID, Modification_Date, Start_Date, Expire_Date) values (5089,5, to_timestamp('01-01-2016','dd-mm-yyyy'),to_timestamp('11/05/2015','dd-mm-yyyy'),to_timestamp('01/01/2050','dd-mm-yyyy'));


insert into common_address (id,street_address1, street_address2, city, state, country, zip) values (5090,'5271 Plainfield Ave., NE ', '', 'Grand Rapids', 'MI ', 'US', '49525');
insert into organization (organization_id, name, addressid) values (5090, 'Gill Industries, Inc. ',5090 );
insert into Organization_DMDII_Member (Organization_ID, DMDII_Type_ID, Modification_Date, Start_Date, Expire_Date) values (5090,3, to_timestamp('01-01-2016','dd-mm-yyyy'),to_timestamp('17/06/2016','dd-mm-yyyy'),to_timestamp('01/01/2050','dd-mm-yyyy'));


insert into common_address (id,street_address1, street_address2, city, state, country, zip) values (5091,'2112 W. Galena St. #8246', '', 'Aurora', 'IL', 'US', '60506');
insert into organization (organization_id, name, addressid) values (5091, 'Global Data Sciences',5091 );
insert into Organization_DMDII_Member (Organization_ID, DMDII_Type_ID, Modification_Date, Start_Date, Expire_Date) values (5091,3, to_timestamp('01-01-2016','dd-mm-yyyy'),to_timestamp('04/02/2016','dd-mm-yyyy'),to_timestamp('01/01/2050','dd-mm-yyyy'));


insert into common_address (id,street_address1, street_address2, city, state, country, zip) values (5092,'1651 Wilkening Road', '', 'Schaumburg', 'IL', 'US', '60173');
insert into organization (organization_id, name, addressid) values (5092, 'Golden Corridor Advanced Manufacturing Partnership (GCAMP)',5092 );
insert into Organization_DMDII_Member (Organization_ID, DMDII_Type_ID, Modification_Date, Start_Date, Expire_Date) values (5092,7, to_timestamp('01-01-2016','dd-mm-yyyy'),to_timestamp('03/08/2015','dd-mm-yyyy'),to_timestamp('01/01/2050','dd-mm-yyyy'));


insert into common_address (id,street_address1, street_address2, city, state, country, zip) values (5093,'100 Grainger Parkway', '', 'Lake Forest', 'IL', 'US', '60045');
insert into organization (organization_id, name, addressid) values (5093, 'W W Grainger, Inc.',5093 );
insert into Organization_DMDII_Member (Organization_ID, DMDII_Type_ID, Modification_Date, Start_Date, Expire_Date) values (5093,3, to_timestamp('01-01-2016','dd-mm-yyyy'),to_timestamp('15/03/2016','dd-mm-yyyy'),to_timestamp('01/01/2050','dd-mm-yyyy'));


insert into common_address (id,street_address1, street_address2, city, state, country, zip) values (5094,'171 N Clark Street, Suite 200', '', 'Chicago', 'IL', 'US', '60601');
insert into organization (organization_id, name, addressid) values (5094, 'Grant Thornton',5094 );
insert into Organization_DMDII_Member (Organization_ID, DMDII_Type_ID, Modification_Date, Start_Date, Expire_Date) values (5094,3, to_timestamp('01-01-2016','dd-mm-yyyy'),to_timestamp('02/12/2015','dd-mm-yyyy'),to_timestamp('01/01/2050','dd-mm-yyyy'));


insert into common_address (id,street_address1, street_address2, city, state, country, zip) values (5095,'36 Knight St, PO Box 430', '', 'Jaffrey', 'NH', 'US', '03452');
insert into organization (organization_id, name, addressid) values (5095, 'Graphicast, Inc.',5095 );
insert into Organization_DMDII_Member (Organization_ID, DMDII_Type_ID, Modification_Date, Start_Date, Expire_Date) values (5095,3, to_timestamp('01-01-2016','dd-mm-yyyy'),to_timestamp('15/10/2015','dd-mm-yyyy'),to_timestamp('01/01/2050','dd-mm-yyyy'));


insert into common_address (id,street_address1, street_address2, city, state, country, zip) values (5096,'2569 Orange Avenue Unit D', '', 'Costa Mesa', 'CA', 'US', '92627');
insert into organization (organization_id, name, addressid) values (5096, 'Green Dynamics, Inc.',5096 );
insert into Organization_DMDII_Member (Organization_ID, DMDII_Type_ID, Modification_Date, Start_Date, Expire_Date) values (5096,3, to_timestamp('01-01-2016','dd-mm-yyyy'),to_timestamp('11/05/2015','dd-mm-yyyy'),to_timestamp('01/01/2050','dd-mm-yyyy'));


insert into common_address (id,street_address1, street_address2, city, state, country, zip) values (5097,'Ace lane', '', 'Madison', 'IN', 'US', '47250');
insert into organization (organization_id, name, addressid) values (5097, 'Grote Industries',5097 );
insert into Organization_DMDII_Member (Organization_ID, DMDII_Type_ID, Modification_Date, Start_Date, Expire_Date) values (5097,3, to_timestamp('01-01-2016','dd-mm-yyyy'),to_timestamp('15/12/2015','dd-mm-yyyy'),to_timestamp('01/01/2050','dd-mm-yyyy'));


insert into common_address (id,street_address1, street_address2, city, state, country, zip) values (5098,'390 Protage Blvd, Kent OH 44240', '', 'Kent', 'OH', 'US', '44240');
insert into organization (organization_id, name, addressid) values (5098, 'Hapco Inc',5098 );
insert into Organization_DMDII_Member (Organization_ID, DMDII_Type_ID, Modification_Date, Start_Date, Expire_Date) values (5098,3, to_timestamp('01-01-2016','dd-mm-yyyy'),to_timestamp('26/05/2016','dd-mm-yyyy'),to_timestamp('01/01/2050','dd-mm-yyyy'));


insert into common_address (id,street_address1, street_address2, city, state, country, zip) values (5099,'369 Route 104', '', 'Ontario', 'NY', 'US', '14519');
insert into organization (organization_id, name, addressid) values (5099, 'Harbec, Inc.',5099 );
insert into Organization_DMDII_Member (Organization_ID, DMDII_Type_ID, Modification_Date, Start_Date, Expire_Date) values (5099,3, to_timestamp('01-01-2016','dd-mm-yyyy'),to_timestamp('03/08/2015','dd-mm-yyyy'),to_timestamp('01/01/2050','dd-mm-yyyy'));


insert into common_address (id,street_address1, street_address2, city, state, country, zip) values (5100,'4605 Brittany Trail Drive', '', 'Champaign', 'IL', 'US', '61822');
insert into organization (organization_id, name, addressid) values (5100, 'Heartland Science and Technology Group',5100 );
insert into Organization_DMDII_Member (Organization_ID, DMDII_Type_ID, Modification_Date, Start_Date, Expire_Date) values (5100,7, to_timestamp('01-01-2016','dd-mm-yyyy'),to_timestamp('26/01/2016','dd-mm-yyyy'),to_timestamp('01/01/2050','dd-mm-yyyy'));


insert into common_address (id,street_address1, street_address2, city, state, country, zip) values (5101,'2110 Round Barn Road', '', 'Champaign', 'IL', 'US', '61821');
insert into organization (organization_id, name, addressid) values (5101, 'HL Precision Manufacturing, Inc.',5101 );
insert into Organization_DMDII_Member (Organization_ID, DMDII_Type_ID, Modification_Date, Start_Date, Expire_Date) values (5101,3, to_timestamp('01-01-2016','dd-mm-yyyy'),to_timestamp('07/03/2016','dd-mm-yyyy'),to_timestamp('01/01/2050','dd-mm-yyyy'));


insert into common_address (id,street_address1, street_address2, city, state, country, zip) values (5102,'3850 White Lake Drive', '', 'Whitehall', 'MI', 'US', '49461');
insert into organization (organization_id, name, addressid) values (5102, 'Howmet Corporation',5102 );
insert into Organization_DMDII_Member (Organization_ID, DMDII_Type_ID, Modification_Date, Start_Date, Expire_Date) values (5102,3, to_timestamp('01-01-2016','dd-mm-yyyy'),to_timestamp('26/05/2016','dd-mm-yyyy'),to_timestamp('01/01/2050','dd-mm-yyyy'));


insert into common_address (id,street_address1, street_address2, city, state, country, zip) values (5103,'55 W Monroe Street, Suite 2575', '', 'Chicago', 'IL', 'US', '60603');
insert into organization (organization_id, name, addressid) values (5103, 'IT Soft USA, Inc. dba Hyla Soft, Inc.',5103 );
insert into Organization_DMDII_Member (Organization_ID, DMDII_Type_ID, Modification_Date, Start_Date, Expire_Date) values (5103,3, to_timestamp('01-01-2016','dd-mm-yyyy'),to_timestamp('03/08/2015','dd-mm-yyyy'),to_timestamp('01/01/2050','dd-mm-yyyy'));


insert into common_address (id,street_address1, street_address2, city, state, country, zip) values (5104,'4 Joost Ave. ', '', 'San Francisco ', 'CA ', 'US', '94131');
insert into organization (organization_id, name, addressid) values (5104, 'Identify3D, Inc. ',5104 );
insert into Organization_DMDII_Member (Organization_ID, DMDII_Type_ID, Modification_Date, Start_Date, Expire_Date) values (5104,3, to_timestamp('01-01-2016','dd-mm-yyyy'),to_timestamp('17/06/2016','dd-mm-yyyy'),to_timestamp('01/01/2050','dd-mm-yyyy'));


insert into common_address (id,street_address1, street_address2, city, state, country, zip) values (5105,'1501 W Bradley Ave, 428 Jobst Hall', '', 'Peoria ', 'IL', 'US', '61625');
insert into organization (organization_id, name, addressid) values (5105, 'Illinois Manufacturing Excellence Center',5105 );
insert into Organization_DMDII_Member (Organization_ID, DMDII_Type_ID, Modification_Date, Start_Date, Expire_Date) values (5105,7, to_timestamp('01-01-2016','dd-mm-yyyy'),to_timestamp('17/05/2016','dd-mm-yyyy'),to_timestamp('01/01/2050','dd-mm-yyyy'));


insert into common_address (id,street_address1, street_address2, city, state, country, zip) values (5106,'155 Harlem Avenue', '', 'Glenview', 'IL', 'US', '60025');
insert into organization (organization_id, name, addressid) values (5106, 'ITW',5106 );
insert into Organization_DMDII_Member (Organization_ID, DMDII_Type_ID, Modification_Date, Start_Date, Expire_Date) values (5106,2, to_timestamp('01-01-2016','dd-mm-yyyy'),to_timestamp('11/05/2015','dd-mm-yyyy'),to_timestamp('01/01/2050','dd-mm-yyyy'));


insert into common_address (id,street_address1, street_address2, city, state, country, zip) values (5107,'5755 Mark Dabling Boulevard, STE 250', '', 'Colorado Springs', 'CO', 'US', '80919');
insert into organization (organization_id, name, addressid) values (5107, 'Imprimis, Inc.',5107 );
insert into Organization_DMDII_Member (Organization_ID, DMDII_Type_ID, Modification_Date, Start_Date, Expire_Date) values (5107,3, to_timestamp('01-01-2016','dd-mm-yyyy'),to_timestamp('03/08/2015','dd-mm-yyyy'),to_timestamp('01/01/2050','dd-mm-yyyy'));


insert into common_address (id,street_address1, street_address2, city, state, country, zip) values (5108,'ORA 509 E 3rd St', '', 'Bloomingdale', 'IN', 'US', '47401');
insert into organization (organization_id, name, addressid) values (5108, 'The Trustees of Indiana University',5108 );
insert into Organization_DMDII_Member (Organization_ID, DMDII_Type_ID, Modification_Date, Start_Date, Expire_Date) values (5108,6, to_timestamp('01-01-2016','dd-mm-yyyy'),to_timestamp('09/11/2015','dd-mm-yyyy'),to_timestamp('01/01/2050','dd-mm-yyyy'));


insert into common_address (id,street_address1, street_address2, city, state, country, zip) values (5109,'Ace lane', '', 'Ace', 'IL', 'US', '11111');
insert into organization (organization_id, name, addressid) values (5109, 'Industrial Measurement Systems Inc',5109 );
insert into Organization_DMDII_Member (Organization_ID, DMDII_Type_ID, Modification_Date, Start_Date, Expire_Date) values (5109,3, to_timestamp('01-01-2016','dd-mm-yyyy'),to_timestamp('26/05/2016','dd-mm-yyyy'),to_timestamp('01/01/2050','dd-mm-yyyy'));


insert into common_address (id,street_address1, street_address2, city, state, country, zip) values (5110,'724 E Kensington Rd', '', 'Arlington Hts', 'IL', 'US', '60004');
insert into organization (organization_id, name, addressid) values (5110, 'Industrial Network Systems Corp.',5110 );
insert into Organization_DMDII_Member (Organization_ID, DMDII_Type_ID, Modification_Date, Start_Date, Expire_Date) values (5110,3, to_timestamp('01-01-2016','dd-mm-yyyy'),to_timestamp('11/05/2015','dd-mm-yyyy'),to_timestamp('01/01/2050','dd-mm-yyyy'));


insert into common_address (id,street_address1, street_address2, city, state, country, zip) values (5111,'3880 N Main Street, Suite C', '', 'East Peoria', 'IL', 'US', '61611');
insert into organization (organization_id, name, addressid) values (5111, 'Integris Group LLC',5111 );
insert into Organization_DMDII_Member (Organization_ID, DMDII_Type_ID, Modification_Date, Start_Date, Expire_Date) values (5111,3, to_timestamp('01-01-2016','dd-mm-yyyy'),to_timestamp('23/11/2015','dd-mm-yyyy'),to_timestamp('01/01/2050','dd-mm-yyyy'));


insert into common_address (id,street_address1, street_address2, city, state, country, zip) values (5112,'816 S Eldorado Road', '', 'Bloomington', 'IL', 'US', '61704');
insert into organization (organization_id, name, addressid) values (5112, 'Integrity Technology Solutions',5112 );
insert into Organization_DMDII_Member (Organization_ID, DMDII_Type_ID, Modification_Date, Start_Date, Expire_Date) values (5112,3, to_timestamp('01-01-2016','dd-mm-yyyy'),to_timestamp('07/03/2016','dd-mm-yyyy'),to_timestamp('01/01/2050','dd-mm-yyyy'));


insert into common_address (id,street_address1, street_address2, city, state, country, zip) values (5113,'2200 Mission College Blvd', '', 'Santa Clara', 'CA', 'US', '95054');
insert into organization (organization_id, name, addressid) values (5113, 'Intel Corporation',5113 );
insert into Organization_DMDII_Member (Organization_ID, DMDII_Type_ID, Modification_Date, Start_Date, Expire_Date) values (5113,3, to_timestamp('01-01-2016','dd-mm-yyyy'),to_timestamp('13/01/2016','dd-mm-yyyy'),to_timestamp('01/01/2050','dd-mm-yyyy'));


insert into common_address (id,street_address1, street_address2, city, state, country, zip) values (5114,'5303 DuPont Circle', '', 'Milford', 'OH', 'US', '45150');
insert into organization (organization_id, name, addressid) values (5114, 'International TechneGroup Incorporated (ITI)',5114 );
insert into Organization_DMDII_Member (Organization_ID, DMDII_Type_ID, Modification_Date, Start_Date, Expire_Date) values (5114,3, to_timestamp('01-01-2016','dd-mm-yyyy'),to_timestamp('11/05/2015','dd-mm-yyyy'),to_timestamp('01/01/2050','dd-mm-yyyy'));


insert into common_address (id,street_address1, street_address2, city, state, country, zip) values (5115,'1138 Pearson Hall', '', 'Ames', 'IA', 'US', '50011');
insert into organization (organization_id, name, addressid) values (5115, 'Iowa State University of Science and Technology',5115 );
insert into Organization_DMDII_Member (Organization_ID, DMDII_Type_ID, Modification_Date, Start_Date, Expire_Date) values (5115,4, to_timestamp('01-01-2016','dd-mm-yyyy'),to_timestamp('11/05/2015','dd-mm-yyyy'),to_timestamp('01/01/2050','dd-mm-yyyy'));


insert into common_address (id,street_address1, street_address2, city, state, country, zip) values (5116,'3000 Lakeside Drive, Suite 105N', '', 'Bannockburn', 'IL', 'US', '60015');
insert into organization (organization_id, name, addressid) values (5116, 'IPC International, Inc.',5116 );
insert into Organization_DMDII_Member (Organization_ID, DMDII_Type_ID, Modification_Date, Start_Date, Expire_Date) values (5116,7, to_timestamp('01-01-2016','dd-mm-yyyy'),to_timestamp('26/06/2015','dd-mm-yyyy'),to_timestamp('01/01/2050','dd-mm-yyyy'));


insert into common_address (id,street_address1, street_address2, city, state, country, zip) values (5117,'3100 W. Ray Rd, Suite 301', '', 'Chandler', 'AZ', 'US', '85226');
insert into organization (organization_id, name, addressid) values (5117, 'Isola USA Corp',5117 );
insert into Organization_DMDII_Member (Organization_ID, DMDII_Type_ID, Modification_Date, Start_Date, Expire_Date) values (5117,3, to_timestamp('01-01-2016','dd-mm-yyyy'),to_timestamp('03/08/2015','dd-mm-yyyy'),to_timestamp('01/01/2050','dd-mm-yyyy'));


insert into common_address (id,street_address1, street_address2, city, state, country, zip) values (5118,'188 W Center Street', '', 'Wood Dale', 'IL', 'US', '60191');
insert into organization (organization_id, name, addressid) values (5118, 'iSynergy Inc',5118 );
insert into Organization_DMDII_Member (Organization_ID, DMDII_Type_ID, Modification_Date, Start_Date, Expire_Date) values (5118,3, to_timestamp('01-01-2016','dd-mm-yyyy'),to_timestamp('05/08/2016','dd-mm-yyyy'),to_timestamp('01/01/2050','dd-mm-yyyy'));


insert into common_address (id,street_address1, street_address2, city, state, country, zip) values (5119,'6100 Michigan Road', '', 'Plymouth', 'IN', 'US', '46563');
insert into organization (organization_id, name, addressid) values (5119, 'ITAMCO',5119 );
insert into Organization_DMDII_Member (Organization_ID, DMDII_Type_ID, Modification_Date, Start_Date, Expire_Date) values (5119,3, to_timestamp('01-01-2016','dd-mm-yyyy'),to_timestamp('11/05/2015','dd-mm-yyyy'),to_timestamp('01/01/2050','dd-mm-yyyy'));


insert into common_address (id,street_address1, street_address2, city, state, country, zip) values (5120,'2870 Zanker Road, Suite 140', '', 'San Jose', 'CA', 'US', '95134');
insert into organization (organization_id, name, addressid) values (5120, 'ITRI International Inc.',5120 );
insert into Organization_DMDII_Member (Organization_ID, DMDII_Type_ID, Modification_Date, Start_Date, Expire_Date) values (5120,3, to_timestamp('01-01-2016','dd-mm-yyyy'),to_timestamp('04/06/2015','dd-mm-yyyy'),to_timestamp('01/01/2050','dd-mm-yyyy'));


insert into common_address (id,street_address1, street_address2, city, state, country, zip) values (5121,'Ace lane', '', 'Ace', 'NJ', 'US', '11111');
insert into organization (organization_id, name, addressid) values (5121, 'Johnson & Johnson Global Services',5121 );
insert into Organization_DMDII_Member (Organization_ID, DMDII_Type_ID, Modification_Date, Start_Date, Expire_Date) values (5121,2, to_timestamp('01-01-2016','dd-mm-yyyy'),to_timestamp('09/05/2016','dd-mm-yyyy'),to_timestamp('01/01/2050','dd-mm-yyyy'));


insert into common_address (id,street_address1, street_address2, city, state, country, zip) values (5122,'300 West Broadway', '', 'Frankfort', 'KY', 'US', '40601');
insert into organization (organization_id, name, addressid) values (5122, 'Kentucky Cabinet for Economic Development',5122 );
insert into Organization_DMDII_Member (Organization_ID, DMDII_Type_ID, Modification_Date, Start_Date, Expire_Date) values (5122,8, to_timestamp('01-01-2016','dd-mm-yyyy'),to_timestamp('11/05/2015','dd-mm-yyyy'),to_timestamp('01/01/2050','dd-mm-yyyy'));


insert into common_address (id,street_address1, street_address2, city, state, country, zip) values (5123,'56 N Averry Court', '', 'Palatine', 'IL', 'US', '60067');
insert into organization (organization_id, name, addressid) values (5123, 'Knoldus Inc',5123 );
insert into Organization_DMDII_Member (Organization_ID, DMDII_Type_ID, Modification_Date, Start_Date, Expire_Date) values (5123,3, to_timestamp('01-01-2016','dd-mm-yyyy'),to_timestamp('26/04/2016','dd-mm-yyyy'),to_timestamp('01/01/2050','dd-mm-yyyy'));


insert into common_address (id,street_address1, street_address2, city, state, country, zip) values (5124,'1390 Market Street, Suite 1806', '', 'San Francisco', 'CA', 'US', '94102');
insert into organization (organization_id, name, addressid) values (5124, 'Koneksys LLC',5124 );
insert into Organization_DMDII_Member (Organization_ID, DMDII_Type_ID, Modification_Date, Start_Date, Expire_Date) values (5124,3, to_timestamp('01-01-2016','dd-mm-yyyy'),to_timestamp('26/05/2016','dd-mm-yyyy'),to_timestamp('01/01/2050','dd-mm-yyyy'));


insert into common_address (id,street_address1, street_address2, city, state, country, zip) values (5125,'740 West New Circle Road', '', 'Lexington', 'KY', 'US', '40550');
insert into organization (organization_id, name, addressid) values (5125, 'Lexmark International',5125 );
insert into Organization_DMDII_Member (Organization_ID, DMDII_Type_ID, Modification_Date, Start_Date, Expire_Date) values (5125,3, to_timestamp('01-01-2016','dd-mm-yyyy'),to_timestamp('12/02/2016','dd-mm-yyyy'),to_timestamp('01/01/2050','dd-mm-yyyy'));


insert into common_address (id,street_address1, street_address2, city, state, country, zip) values (5126,'7940 Jones Branch Drive', '', 'Tysons', 'VA', 'US', '22102');
insert into organization (organization_id, name, addressid) values (5126, 'LMI',5126 );
insert into Organization_DMDII_Member (Organization_ID, DMDII_Type_ID, Modification_Date, Start_Date, Expire_Date) values (5126,3, to_timestamp('01-01-2016','dd-mm-yyyy'),to_timestamp('01/02/2016','dd-mm-yyyy'),to_timestamp('01/01/2050','dd-mm-yyyy'));


insert into common_address (id,street_address1, street_address2, city, state, country, zip) values (5127,'6801 Rockledge Drive', '', 'Bethesda', 'MD', 'US', '20817');
insert into organization (organization_id, name, addressid) values (5127, 'Lockheed Martin Corporation',5127 );
insert into Organization_DMDII_Member (Organization_ID, DMDII_Type_ID, Modification_Date, Start_Date, Expire_Date) values (5127,1, to_timestamp('01-01-2016','dd-mm-yyyy'),to_timestamp('11/05/2015','dd-mm-yyyy'),to_timestamp('01/01/2050','dd-mm-yyyy'));


insert into common_address (id,street_address1, street_address2, city, state, country, zip) values (5128,'Ace lane', '', 'Ace', 'CA', 'US', '11111');
insert into organization (organization_id, name, addressid) values (5128, 'MachiningCloud Inc',5128 );
insert into Organization_DMDII_Member (Organization_ID, DMDII_Type_ID, Modification_Date, Start_Date, Expire_Date) values (5128,3, to_timestamp('01-01-2016','dd-mm-yyyy'),to_timestamp('17/06/2016','dd-mm-yyyy'),to_timestamp('01/01/2050','dd-mm-yyyy'));


insert into common_address (id,street_address1, street_address2, city, state, country, zip) values (5129,'2530 Keystone Lane ', '', 'Ann Arbor', 'MI ', 'US', '48103');
insert into organization (organization_id, name, addressid) values (5129, 'MakerSweet, Inc. ',5129 );
insert into Organization_DMDII_Member (Organization_ID, DMDII_Type_ID, Modification_Date, Start_Date, Expire_Date) values (5129,3, to_timestamp('01-01-2016','dd-mm-yyyy'),to_timestamp('17/06/2016','dd-mm-yyyy'),to_timestamp('01/01/2050','dd-mm-yyyy'));


insert into common_address (id,street_address1, street_address2, city, state, country, zip) values (5130,'446 E. High Street #110', '', 'Lexington', 'KY', 'US', '40507');
insert into organization (organization_id, name, addressid) values (5130, 'MakeTime, Inc.',5130 );
insert into Organization_DMDII_Member (Organization_ID, DMDII_Type_ID, Modification_Date, Start_Date, Expire_Date) values (5130,3, to_timestamp('01-01-2016','dd-mm-yyyy'),to_timestamp('06/08/2015','dd-mm-yyyy'),to_timestamp('01/01/2050','dd-mm-yyyy'));


insert into common_address (id,street_address1, street_address2, city, state, country, zip) values (5131,'1465 Slater Road, PO Box 5007', '', 'Ferndale', 'WA', 'US', '98248');
insert into organization (organization_id, name, addressid) values (5131, 'MAL USA Inc',5131 );
insert into Organization_DMDII_Member (Organization_ID, DMDII_Type_ID, Modification_Date, Start_Date, Expire_Date) values (5131,3, to_timestamp('01-01-2016','dd-mm-yyyy'),to_timestamp('26/05/2016','dd-mm-yyyy'),to_timestamp('01/01/2050','dd-mm-yyyy'));


insert into common_address (id,street_address1, street_address2, city, state, country, zip) values (5132,'6400 Arlington Blvd Suite 300', '', 'Falls Church', 'VA', 'US', '22042');
insert into organization (organization_id, name, addressid) values (5132, 'Manpower Group Public Sector Inc.',5132 );
insert into Organization_DMDII_Member (Organization_ID, DMDII_Type_ID, Modification_Date, Start_Date, Expire_Date) values (5132,3, to_timestamp('01-01-2016','dd-mm-yyyy'),to_timestamp('04/02/2016','dd-mm-yyyy'),to_timestamp('01/01/2050','dd-mm-yyyy'));


insert into common_address (id,street_address1, street_address2, city, state, country, zip) values (5133,'Ace lane', '', 'Ace', 'IL', 'US', '11111');
insert into organization (organization_id, name, addressid) values (5133, 'Manufacturing Laboratories Inc',5133 );
insert into Organization_DMDII_Member (Organization_ID, DMDII_Type_ID, Modification_Date, Start_Date, Expire_Date) values (5133,3, to_timestamp('01-01-2016','dd-mm-yyyy'),to_timestamp('26/04/2016','dd-mm-yyyy'),to_timestamp('01/01/2050','dd-mm-yyyy'));


insert into common_address (id,street_address1, street_address2, city, state, country, zip) values (5134,'3411 W Diversity Ave, Suite 10', '', 'Chicago', 'IL', 'US', '60647');
insert into organization (organization_id, name, addressid) values (5134, 'Manufacturing Renaissance',5134 );
insert into Organization_DMDII_Member (Organization_ID, DMDII_Type_ID, Modification_Date, Start_Date, Expire_Date) values (5134,7, to_timestamp('01-01-2016','dd-mm-yyyy'),to_timestamp('26/06/2015','dd-mm-yyyy'),to_timestamp('01/01/2050','dd-mm-yyyy'));


insert into common_address (id,street_address1, street_address2, city, state, country, zip) values (5135,'2550 9th St., Suite 102', '', 'Berkeley', 'CA', 'US', '94710');
insert into organization (organization_id, name, addressid) values (5135, 'Manufacturing Systems Insignts, Inc.',5135 );
insert into Organization_DMDII_Member (Organization_ID, DMDII_Type_ID, Modification_Date, Start_Date, Expire_Date) values (5135,3, to_timestamp('01-01-2016','dd-mm-yyyy'),to_timestamp('11/05/2015','dd-mm-yyyy'),to_timestamp('01/01/2050','dd-mm-yyyy'));


insert into common_address (id,street_address1, street_address2, city, state, country, zip) values (5136,'6th Old Post Road ', '', 'Tolland ', 'CT ', 'US', '60840');
insert into organization (organization_id, name, addressid) values (5136, 'CNC Software, Inc. ',5136 );
insert into Organization_DMDII_Member (Organization_ID, DMDII_Type_ID, Modification_Date, Start_Date, Expire_Date) values (5136,3, to_timestamp('01-01-2016','dd-mm-yyyy'),to_timestamp('28/07/2016','dd-mm-yyyy'),to_timestamp('01/01/2050','dd-mm-yyyy'));


insert into common_address (id,street_address1, street_address2, city, state, country, zip) values (5137,'Ace lane', '', 'Ace', 'IL', 'US', '11111');
insert into organization (organization_id, name, addressid) values (5137, 'Mazak Corporation',5137 );
insert into Organization_DMDII_Member (Organization_ID, DMDII_Type_ID, Modification_Date, Start_Date, Expire_Date) values (5137,3, to_timestamp('01-01-2016','dd-mm-yyyy'),to_timestamp('14/04/2016','dd-mm-yyyy'),to_timestamp('01/01/2050','dd-mm-yyyy'));


insert into common_address (id,street_address1, street_address2, city, state, country, zip) values (5138,'55 E 52nd Street, 21st Floor', '', 'New York ', 'NY', 'US', '10022');
insert into organization (organization_id, name, addressid) values (5138, 'McKinsey & Company Inc',5138 );
insert into Organization_DMDII_Member (Organization_ID, DMDII_Type_ID, Modification_Date, Start_Date, Expire_Date) values (5138,1, to_timestamp('01-01-2016','dd-mm-yyyy'),to_timestamp('11/08/2016','dd-mm-yyyy'),to_timestamp('01/01/2050','dd-mm-yyyy'));


insert into common_address (id,street_address1, street_address2, city, state, country, zip) values (5139,'600 N. County Line Rd.', '', 'Elmhurst', 'IL', 'US', '60126');
insert into organization (organization_id, name, addressid) values (5139, 'McMaster Carr Supply Chain Company',5139 );
insert into Organization_DMDII_Member (Organization_ID, DMDII_Type_ID, Modification_Date, Start_Date, Expire_Date) values (5139,3, to_timestamp('01-01-2016','dd-mm-yyyy'),to_timestamp('04/02/2016','dd-mm-yyyy'),to_timestamp('01/01/2050','dd-mm-yyyy'));


insert into common_address (id,street_address1, street_address2, city, state, country, zip) values (5140,'11 East Church Street, 4th Floor', '', 'Marshalltown', 'IA', 'US', '50158');
insert into organization (organization_id, name, addressid) values (5140, 'Mechdyne Corporation',5140 );
insert into Organization_DMDII_Member (Organization_ID, DMDII_Type_ID, Modification_Date, Start_Date, Expire_Date) values (5140,3, to_timestamp('01-01-2016','dd-mm-yyyy'),to_timestamp('07/04/2016','dd-mm-yyyy'),to_timestamp('01/01/2050','dd-mm-yyyy'));


insert into common_address (id,street_address1, street_address2, city, state, country, zip) values (5141,'W6250 Pioneer Road, PO Box 1939', '', 'Fond Du Lac', 'WI', 'US', '54936');
insert into organization (organization_id, name, addressid) values (5141, 'Mercury Marine',5141 );
insert into Organization_DMDII_Member (Organization_ID, DMDII_Type_ID, Modification_Date, Start_Date, Expire_Date) values (5141,3, to_timestamp('01-01-2016','dd-mm-yyyy'),to_timestamp('27/01/2016','dd-mm-yyyy'),to_timestamp('01/01/2050','dd-mm-yyyy'));


insert into common_address (id,street_address1, street_address2, city, state, country, zip) values (5142,'49 Music Square West, Suite 210', '', 'Nashville', 'TN', 'US', '37203');
insert into organization (organization_id, name, addressid) values (5142, 'MetaMorph, Inc.',5142 );
insert into Organization_DMDII_Member (Organization_ID, DMDII_Type_ID, Modification_Date, Start_Date, Expire_Date) values (5142,3, to_timestamp('01-01-2016','dd-mm-yyyy'),to_timestamp('11/05/2015','dd-mm-yyyy'),to_timestamp('01/01/2050','dd-mm-yyyy'));


insert into common_address (id,street_address1, street_address2, city, state, country, zip) values (5143,'28064 Center Oaks Court', '', 'Wixom', 'MI', 'US', '48393');
insert into organization (organization_id, name, addressid) values (5143, 'Metrologic Group Services',5143 );
insert into Organization_DMDII_Member (Organization_ID, DMDII_Type_ID, Modification_Date, Start_Date, Expire_Date) values (5143,3, to_timestamp('01-01-2016','dd-mm-yyyy'),to_timestamp('16/11/2015','dd-mm-yyyy'),to_timestamp('01/01/2050','dd-mm-yyyy'));


insert into common_address (id,street_address1, street_address2, city, state, country, zip) values (5144,'890 Auraria Parkway, Campus Box 4', '', 'Denver ', 'CO', 'US', '80204');
insert into organization (organization_id, name, addressid) values (5144, 'Metropolitan State University of Denver',5144 );
insert into Organization_DMDII_Member (Organization_ID, DMDII_Type_ID, Modification_Date, Start_Date, Expire_Date) values (5144,7, to_timestamp('01-01-2016','dd-mm-yyyy'),to_timestamp('15/09/2015','dd-mm-yyyy'),to_timestamp('01/01/2050','dd-mm-yyyy'));


insert into common_address (id,street_address1, street_address2, city, state, country, zip) values (5145,'26896 Shake Ridge Road', '', 'Volcano', 'CA', 'US', '95689');
insert into organization (organization_id, name, addressid) values (5145, 'MetroSage LLC',5145 );
insert into Organization_DMDII_Member (Organization_ID, DMDII_Type_ID, Modification_Date, Start_Date, Expire_Date) values (5145,3, to_timestamp('01-01-2016','dd-mm-yyyy'),to_timestamp('07/04/2016','dd-mm-yyyy'),to_timestamp('01/01/2050','dd-mm-yyyy'));


insert into common_address (id,street_address1, street_address2, city, state, country, zip) values (5146,'1165 Northchase Pkwy, Suite 250', '', 'Atlanta', 'GA', 'US', '11111');
insert into organization (organization_id, name, addressid) values (5146, 'MFG.com',5146 );
insert into Organization_DMDII_Member (Organization_ID, DMDII_Type_ID, Modification_Date, Start_Date, Expire_Date) values (5146,3, to_timestamp('01-01-2016','dd-mm-yyyy'),to_timestamp('03/08/2015','dd-mm-yyyy'),to_timestamp('01/01/2050','dd-mm-yyyy'));


insert into common_address (id,street_address1, street_address2, city, state, country, zip) values (5147,'6635 W Irving Park Road', '', 'Chicago', 'IL', 'US', '60634');
insert into organization (organization_id, name, addressid) values (5147, 'Microlution Inc',5147 );
insert into Organization_DMDII_Member (Organization_ID, DMDII_Type_ID, Modification_Date, Start_Date, Expire_Date) values (5147,3, to_timestamp('01-01-2016','dd-mm-yyyy'),to_timestamp('07/03/2016','dd-mm-yyyy'),to_timestamp('01/01/2050','dd-mm-yyyy'));


insert into common_address (id,street_address1, street_address2, city, state, country, zip) values (5148,'One Microsoft Way', '', 'Redmond', 'WA', 'US', '98052');
insert into organization (organization_id, name, addressid) values (5148, 'Microsoft Corporation',5148 );
insert into Organization_DMDII_Member (Organization_ID, DMDII_Type_ID, Modification_Date, Start_Date, Expire_Date) values (5148,2, to_timestamp('01-01-2016','dd-mm-yyyy'),to_timestamp('11/05/2015','dd-mm-yyyy'),to_timestamp('01/01/2050','dd-mm-yyyy'));


insert into common_address (id,street_address1, street_address2, city, state, country, zip) values (5149,'PO Box 6343', '', 'Mississippi State', 'MS', 'US', '39762');
insert into organization (organization_id, name, addressid) values (5149, 'Mississippi State University Research & Technology Corporation',5149 );
insert into Organization_DMDII_Member (Organization_ID, DMDII_Type_ID, Modification_Date, Start_Date, Expire_Date) values (5149,6, to_timestamp('01-01-2016','dd-mm-yyyy'),to_timestamp('15/10/2014','dd-mm-yyyy'),to_timestamp('01/01/2050','dd-mm-yyyy'));


insert into common_address (id,street_address1, street_address2, city, state, country, zip) values (5150,'300 West 12th Street, 202 Centennial Hall', '', 'Rolla', 'MO', 'US', '65409');
insert into organization (organization_id, name, addressid) values (5150, 'The Curators of the University of Missouri on behalf of Missouri University of Science and Technology',5150 );
insert into Organization_DMDII_Member (Organization_ID, DMDII_Type_ID, Modification_Date, Start_Date, Expire_Date) values (5150,5, to_timestamp('01-01-2016','dd-mm-yyyy'),to_timestamp('11/05/2015','dd-mm-yyyy'),to_timestamp('01/01/2050','dd-mm-yyyy'));


insert into common_address (id,street_address1, street_address2, city, state, country, zip) values (5151,'965 Corporate Blvd', '', 'Aurora', 'IL', 'US', '60502');
insert into organization (organization_id, name, addressid) values (5151, 'Mitutoyo America Corporation',5151 );
insert into Organization_DMDII_Member (Organization_ID, DMDII_Type_ID, Modification_Date, Start_Date, Expire_Date) values (5151,3, to_timestamp('01-01-2016','dd-mm-yyyy'),to_timestamp('03/08/2015','dd-mm-yyyy'),to_timestamp('01/01/2050','dd-mm-yyyy'));


insert into common_address (id,street_address1, street_address2, city, state, country, zip) values (5152,'4675 MacArthur Court, Suite 900', '', 'Newport Beach', 'CA', 'US', '92660');
insert into organization (organization_id, name, addressid) values (5152, 'MSC Software Corporation',5152 );
insert into Organization_DMDII_Member (Organization_ID, DMDII_Type_ID, Modification_Date, Start_Date, Expire_Date) values (5152,3, to_timestamp('01-01-2016','dd-mm-yyyy'),to_timestamp('11/05/2015','dd-mm-yyyy'),to_timestamp('01/01/2050','dd-mm-yyyy'));


insert into common_address (id,street_address1, street_address2, city, state, country, zip) values (5153,'7901 Westpark Drive', '', 'McLean', 'VA', 'US', '22102');
insert into organization (organization_id, name, addressid) values (5153, 'MT Connect Institute',5153 );
insert into Organization_DMDII_Member (Organization_ID, DMDII_Type_ID, Modification_Date, Start_Date, Expire_Date) values (5153,7, to_timestamp('01-01-2016','dd-mm-yyyy'),to_timestamp('15/09/2015','dd-mm-yyyy'),to_timestamp('01/01/2050','dd-mm-yyyy'));


insert into common_address (id,street_address1, street_address2, city, state, country, zip) values (5154,'3025 Boardwalk', '', 'Ann Arbor', 'MI', 'US', '48108');
insert into organization (organization_id, name, addressid) values (5154, 'The National Center for Manufacturing Sciences',5154 );
insert into Organization_DMDII_Member (Organization_ID, DMDII_Type_ID, Modification_Date, Start_Date, Expire_Date) values (5154,7, to_timestamp('01-01-2016','dd-mm-yyyy'),to_timestamp('11/05/2015','dd-mm-yyyy'),to_timestamp('01/01/2050','dd-mm-yyyy'));


insert into common_address (id,street_address1, street_address2, city, state, country, zip) values (5155,'1616 Anderson Road', '', 'McLean', 'VA', 'US', '22102');
insert into organization (organization_id, name, addressid) values (5155, 'Nimbis Services Inc.',5155 );
insert into Organization_DMDII_Member (Organization_ID, DMDII_Type_ID, Modification_Date, Start_Date, Expire_Date) values (5155,3, to_timestamp('01-01-2016','dd-mm-yyyy'),to_timestamp('11/05/2015','dd-mm-yyyy'),to_timestamp('01/01/2050','dd-mm-yyyy'));


insert into common_address (id,street_address1, street_address2, city, state, country, zip) values (5156,'3250 N Arlington Hts Rd, Ste 101', '', 'Arlington Hts', 'IL', 'US', '60004');
insert into organization (organization_id, name, addressid) values (5156, 'North American Die Casting Association',5156 );
insert into Organization_DMDII_Member (Organization_ID, DMDII_Type_ID, Modification_Date, Start_Date, Expire_Date) values (5156,7, to_timestamp('01-01-2016','dd-mm-yyyy'),to_timestamp('11/05/2015','dd-mm-yyyy'),to_timestamp('01/01/2050','dd-mm-yyyy'));


insert into common_address (id,street_address1, street_address2, city, state, country, zip) values (5157,'Ace lane', '', 'Ace', 'NC', 'US', '11111');
insert into organization (organization_id, name, addressid) values (5157, 'North Carolina State University',5157 );
insert into Organization_DMDII_Member (Organization_ID, DMDII_Type_ID, Modification_Date, Start_Date, Expire_Date) values (5157,6, to_timestamp('01-01-2016','dd-mm-yyyy'),to_timestamp('17/05/2016','dd-mm-yyyy'),to_timestamp('01/01/2050','dd-mm-yyyy'));


insert into common_address (id,street_address1, street_address2, city, state, country, zip) values (5158,'305 Lowden Hall NIU', '', 'Dekalb', 'IL', 'US', '60115');
insert into organization (organization_id, name, addressid) values (5158, 'Board of Trustees of Northern Illinois University',5158 );
insert into Organization_DMDII_Member (Organization_ID, DMDII_Type_ID, Modification_Date, Start_Date, Expire_Date) values (5158,6, to_timestamp('01-01-2016','dd-mm-yyyy'),to_timestamp('11/05/2015','dd-mm-yyyy'),to_timestamp('01/01/2050','dd-mm-yyyy'));


insert into common_address (id,street_address1, street_address2, city, state, country, zip) values (5159,'Ace lane', '', 'Ace', 'OR', 'US', '11111');
insert into organization (organization_id, name, addressid) values (5159, 'Northwest Analytics',5159 );
insert into Organization_DMDII_Member (Organization_ID, DMDII_Type_ID, Modification_Date, Start_Date, Expire_Date) values (5159,3, to_timestamp('01-01-2016','dd-mm-yyyy'),to_timestamp('14/07/2016','dd-mm-yyyy'),to_timestamp('01/01/2050','dd-mm-yyyy'));


insert into common_address (id,street_address1, street_address2, city, state, country, zip) values (5160,'633 Clark Street', '', 'Evanston', 'IL', 'US', '60208');
insert into organization (organization_id, name, addressid) values (5160, 'Northwestern University',5160 );
insert into Organization_DMDII_Member (Organization_ID, DMDII_Type_ID, Modification_Date, Start_Date, Expire_Date) values (5160,4, to_timestamp('01-01-2016','dd-mm-yyyy'),to_timestamp('11/05/2015','dd-mm-yyyy'),to_timestamp('01/01/2050','dd-mm-yyyy'));


insert into common_address (id,street_address1, street_address2, city, state, country, zip) values (5161,'College of Engineering, 2036 Neil Avenue', '', 'Columbus', 'OH', 'US', '43210');
insert into organization (organization_id, name, addressid) values (5161, 'Ohio State University',5161 );
insert into Organization_DMDII_Member (Organization_ID, DMDII_Type_ID, Modification_Date, Start_Date, Expire_Date) values (5161,6, to_timestamp('01-01-2016','dd-mm-yyyy'),to_timestamp('15/09/2015','dd-mm-yyyy'),to_timestamp('01/01/2050','dd-mm-yyyy'));


insert into common_address (id,street_address1, street_address2, city, state, country, zip) values (5162,'11900 Westhall Dr', '', 'Charlotte', 'NC', 'US', '28278');
insert into organization (organization_id, name, addressid) values (5162, 'Okuma America Corporation',5162 );
insert into Organization_DMDII_Member (Organization_ID, DMDII_Type_ID, Modification_Date, Start_Date, Expire_Date) values (5162,3, to_timestamp('01-01-2016','dd-mm-yyyy'),to_timestamp('08/03/2016','dd-mm-yyyy'),to_timestamp('01/01/2050','dd-mm-yyyy'));


insert into common_address (id,street_address1, street_address2, city, state, country, zip) values (5163,'801 W Main Street', '', 'Peoria', 'IL', 'US', '61606');
insert into organization (organization_id, name, addressid) values (5163, 'OneFire Media Group, Inc.',5163 );
insert into Organization_DMDII_Member (Organization_ID, DMDII_Type_ID, Modification_Date, Start_Date, Expire_Date) values (5163,3, to_timestamp('01-01-2016','dd-mm-yyyy'),to_timestamp('13/11/2015','dd-mm-yyyy'),to_timestamp('01/01/2050','dd-mm-yyyy'));


insert into common_address (id,street_address1, street_address2, city, state, country, zip) values (5164,'6367 Dean Parkway', '', 'Ontario', 'NY', 'US', '14519');
insert into organization (organization_id, name, addressid) values (5164, 'Optimax Systems, Inc.',5164 );
insert into Organization_DMDII_Member (Organization_ID, DMDII_Type_ID, Modification_Date, Start_Date, Expire_Date) values (5164,3, to_timestamp('01-01-2016','dd-mm-yyyy'),to_timestamp('20/01/2016','dd-mm-yyyy'),to_timestamp('01/01/2050','dd-mm-yyyy'));


insert into common_address (id,street_address1, street_address2, city, state, country, zip) values (5165,'6368 Dean Parkway', '', 'Ontario', 'NY', 'US', '14519');
insert into organization (organization_id, name, addressid) values (5165, 'OptiPro Systems LLC',5165 );
insert into Organization_DMDII_Member (Organization_ID, DMDII_Type_ID, Modification_Date, Start_Date, Expire_Date) values (5165,3, to_timestamp('01-01-2016','dd-mm-yyyy'),to_timestamp('18/12/2015','dd-mm-yyyy'),to_timestamp('01/01/2050','dd-mm-yyyy'));


insert into common_address (id,street_address1, street_address2, city, state, country, zip) values (5166,'308 Kerr Administration Building', '', 'Corvallis', 'OR', 'US', '97331');
insert into organization (organization_id, name, addressid) values (5166, 'Oregon State University',5166 );
insert into Organization_DMDII_Member (Organization_ID, DMDII_Type_ID, Modification_Date, Start_Date, Expire_Date) values (5166,5, to_timestamp('01-01-2016','dd-mm-yyyy'),to_timestamp('11/05/2015','dd-mm-yyyy'),to_timestamp('01/01/2050','dd-mm-yyyy'));


insert into common_address (id,street_address1, street_address2, city, state, country, zip) values (5167,'6875 Marblehead Drive', '', 'Cincinnati', 'OH', 'US', '45243');
insert into organization (organization_id, name, addressid) values (5167, 'Orion Quality Software',5167 );
insert into Organization_DMDII_Member (Organization_ID, DMDII_Type_ID, Modification_Date, Start_Date, Expire_Date) values (5167,3, to_timestamp('01-01-2016','dd-mm-yyyy'),to_timestamp('25/07/2016','dd-mm-yyyy'),to_timestamp('01/01/2050','dd-mm-yyyy'));


insert into common_address (id,street_address1, street_address2, city, state, country, zip) values (5168,'2307 Oregon Street', '', 'Oshkosh', 'WI', 'US', '54902');
insert into organization (organization_id, name, addressid) values (5168, 'Oshkosh Defense, LLC',5168 );
insert into Organization_DMDII_Member (Organization_ID, DMDII_Type_ID, Modification_Date, Start_Date, Expire_Date) values (5168,3, to_timestamp('01-01-2016','dd-mm-yyyy'),to_timestamp('17/09/2015','dd-mm-yyyy'),to_timestamp('01/01/2050','dd-mm-yyyy'));


insert into common_address (id,street_address1, street_address2, city, state, country, zip) values (5169,'333 Coyote Hill Road', '', 'Palo Alto', 'CA', 'US', '94304');
insert into organization (organization_id, name, addressid) values (5169, 'Palo Alto Research Center',5169 );
insert into Organization_DMDII_Member (Organization_ID, DMDII_Type_ID, Modification_Date, Start_Date, Expire_Date) values (5169,3, to_timestamp('01-01-2016','dd-mm-yyyy'),to_timestamp('21/09/2015','dd-mm-yyyy'),to_timestamp('01/01/2050','dd-mm-yyyy'));


insert into common_address (id,street_address1, street_address2, city, state, country, zip) values (5170,'Ace lane', '', 'Ace', 'IL', 'US', '11111');
insert into organization (organization_id, name, addressid) values (5170, 'Panduit Corporation',5170 );
insert into Organization_DMDII_Member (Organization_ID, DMDII_Type_ID, Modification_Date, Start_Date, Expire_Date) values (5170,3, to_timestamp('01-01-2016','dd-mm-yyyy'),to_timestamp('14/07/2016','dd-mm-yyyy'),to_timestamp('01/01/2050','dd-mm-yyyy'));


insert into common_address (id,street_address1, street_address2, city, state, country, zip) values (5171,'Ace lane', '', 'Ace', 'IL', 'US', '11111');
insert into organization (organization_id, name, addressid) values (5171, 'Parallel Works',5171 );
insert into Organization_DMDII_Member (Organization_ID, DMDII_Type_ID, Modification_Date, Start_Date, Expire_Date) values (5171,3, to_timestamp('01-01-2016','dd-mm-yyyy'),to_timestamp('26/04/2016','dd-mm-yyyy'),to_timestamp('01/01/2050','dd-mm-yyyy'));


insert into common_address (id,street_address1, street_address2, city, state, country, zip) values (5172,'1776 Legacy Cir Suite 115', '', 'Naperville', 'IL', 'US', '60563');
insert into organization (organization_id, name, addressid) values (5172, 'Product Development & Analysis (PDA) LLC',5172 );
insert into Organization_DMDII_Member (Organization_ID, DMDII_Type_ID, Modification_Date, Start_Date, Expire_Date) values (5172,3, to_timestamp('01-01-2016','dd-mm-yyyy'),to_timestamp('11/05/2015','dd-mm-yyyy'),to_timestamp('01/01/2050','dd-mm-yyyy'));


insert into common_address (id,street_address1, street_address2, city, state, country, zip) values (5173,'21163 Newport Coast Drive, Suite 576', '', 'Newport Coast', 'CA', 'US', '92657');
insert into organization (organization_id, name, addressid) values (5173, 'PDES, Inc.',5173 );
insert into Organization_DMDII_Member (Organization_ID, DMDII_Type_ID, Modification_Date, Start_Date, Expire_Date) values (5173,3, to_timestamp('01-01-2016','dd-mm-yyyy'),to_timestamp('03/08/2015','dd-mm-yyyy'),to_timestamp('01/01/2050','dd-mm-yyyy'));


insert into common_address (id,street_address1, street_address2, city, state, country, zip) values (5174,'102 Main St. ', '', 'Pella', 'IA', 'US', '50219');
insert into organization (organization_id, name, addressid) values (5174, 'Pella Corporation',5174 );
insert into Organization_DMDII_Member (Organization_ID, DMDII_Type_ID, Modification_Date, Start_Date, Expire_Date) values (5174,3, to_timestamp('01-01-2016','dd-mm-yyyy'),to_timestamp('17/03/2016','dd-mm-yyyy'),to_timestamp('01/01/2050','dd-mm-yyyy'));


insert into common_address (id,street_address1, street_address2, city, state, country, zip) values (5175,'3208 Baronry Drive ', '', 'Urbana', 'IL ', 'US', '61802');
insert into organization (organization_id, name, addressid) values (5175, 'Prairiefire Consulting, Inc. ',5175 );
insert into Organization_DMDII_Member (Organization_ID, DMDII_Type_ID, Modification_Date, Start_Date, Expire_Date) values (5175,3, to_timestamp('01-01-2016','dd-mm-yyyy'),to_timestamp('17/06/2016','dd-mm-yyyy'),to_timestamp('01/01/2050','dd-mm-yyyy'));


insert into common_address (id,street_address1, street_address2, city, state, country, zip) values (5176,'One Procter & Gamble Plaza', '', 'Cincinnati', 'OH', 'US', '45202');
insert into organization (organization_id, name, addressid) values (5176, 'The Proctor & Gamble Company',5176 );
insert into Organization_DMDII_Member (Organization_ID, DMDII_Type_ID, Modification_Date, Start_Date, Expire_Date) values (5176,2, to_timestamp('01-01-2016','dd-mm-yyyy'),to_timestamp('11/06/2015','dd-mm-yyyy'),to_timestamp('01/01/2050','dd-mm-yyyy'));


insert into common_address (id,street_address1, street_address2, city, state, country, zip) values (5177,'2321 N Loop Drive, Suite 104', '', 'Ames', 'IA', 'US', '50010');
insert into organization (organization_id, name, addressid) values (5177, 'ProPlanner Inc.',5177 );
insert into Organization_DMDII_Member (Organization_ID, DMDII_Type_ID, Modification_Date, Start_Date, Expire_Date) values (5177,3, to_timestamp('01-01-2016','dd-mm-yyyy'),to_timestamp('15/10/2015','dd-mm-yyyy'),to_timestamp('01/01/2050','dd-mm-yyyy'));


insert into common_address (id,street_address1, street_address2, city, state, country, zip) values (5178,'140 Kendrick St.', '', 'Needham', 'MA', 'US', '02494');
insert into organization (organization_id, name, addressid) values (5178, 'PTC, Inc.',5178 );
insert into Organization_DMDII_Member (Organization_ID, DMDII_Type_ID, Modification_Date, Start_Date, Expire_Date) values (5178,3, to_timestamp('01-01-2016','dd-mm-yyyy'),to_timestamp('29/05/2015','dd-mm-yyyy'),to_timestamp('01/01/2050','dd-mm-yyyy'));


insert into common_address (id,street_address1, street_address2, city, state, country, zip) values (5179,'610 Purdue Mall, Hovde Hall', '', 'West Lafayette', 'IN', 'US', '47907');
insert into organization (organization_id, name, addressid) values (5179, 'Purdue University',5179 );
insert into Organization_DMDII_Member (Organization_ID, DMDII_Type_ID, Modification_Date, Start_Date, Expire_Date) values (5179,5, to_timestamp('01-01-2016','dd-mm-yyyy'),to_timestamp('11/05/2015','dd-mm-yyyy'),to_timestamp('01/01/2050','dd-mm-yyyy'));


insert into common_address (id,street_address1, street_address2, city, state, country, zip) values (5180,'Ace lane', '', 'Ace', 'IL', 'US', '11111');
insert into organization (organization_id, name, addressid) values (5180, 'Quad Cities Chamber',5180 );
insert into Organization_DMDII_Member (Organization_ID, DMDII_Type_ID, Modification_Date, Start_Date, Expire_Date) values (5180,7, to_timestamp('01-01-2016','dd-mm-yyyy'),to_timestamp('07/03/2016','dd-mm-yyyy'),to_timestamp('01/01/2050','dd-mm-yyyy'));


insert into common_address (id,street_address1, street_address2, city, state, country, zip) values (5181,'2408 4th Avenue', '', 'Rock Island', 'IL', 'US', '61201');
insert into organization (organization_id, name, addressid) values (5181, 'Quad City Manufacturing Laboratory',5181 );
insert into Organization_DMDII_Member (Organization_ID, DMDII_Type_ID, Modification_Date, Start_Date, Expire_Date) values (5181,7, to_timestamp('01-01-2016','dd-mm-yyyy'),to_timestamp('11/05/2015','dd-mm-yyyy'),to_timestamp('01/01/2050','dd-mm-yyyy'));


insert into common_address (id,street_address1, street_address2, city, state, country, zip) values (5182,'1820 Ridge Avenue', '', 'Evanston', 'IL', 'US', '60201');
insert into organization (organization_id, name, addressid) values (5182, 'QuesTek Innovations LLC',5182 );
insert into Organization_DMDII_Member (Organization_ID, DMDII_Type_ID, Modification_Date, Start_Date, Expire_Date) values (5182,3, to_timestamp('01-01-2016','dd-mm-yyyy'),to_timestamp('18/06/2015','dd-mm-yyyy'),to_timestamp('01/01/2050','dd-mm-yyyy'));


insert into common_address (id,street_address1, street_address2, city, state, country, zip) values (5183,'350 Lowell Road', '', 'Andover', 'MA', 'US', '11111');
insert into organization (organization_id, name, addressid) values (5183, 'Raytheon Company',5183 );
insert into Organization_DMDII_Member (Organization_ID, DMDII_Type_ID, Modification_Date, Start_Date, Expire_Date) values (5183,3, to_timestamp('01-01-2016','dd-mm-yyyy'),to_timestamp('14/03/2016','dd-mm-yyyy'),to_timestamp('01/01/2050','dd-mm-yyyy'));


insert into common_address (id,street_address1, street_address2, city, state, country, zip) values (5184,'3021 Cullerton Street', '', 'Franklin Park', 'IL', 'US', '60131');
insert into organization (organization_id, name, addressid) values (5184, 'RCM Industries, Inc.',5184 );
insert into Organization_DMDII_Member (Organization_ID, DMDII_Type_ID, Modification_Date, Start_Date, Expire_Date) values (5184,3, to_timestamp('01-01-2016','dd-mm-yyyy'),to_timestamp('07/12/2015','dd-mm-yyyy'),to_timestamp('01/01/2050','dd-mm-yyyy'));


insert into common_address (id,street_address1, street_address2, city, state, country, zip) values (5185,'Ace lane', '', 'Ace', 'TX', 'US', '11111');
insert into organization (organization_id, name, addressid) values (5185, 'RECON Services',5185 );
insert into Organization_DMDII_Member (Organization_ID, DMDII_Type_ID, Modification_Date, Start_Date, Expire_Date) values (5185,3, to_timestamp('01-01-2016','dd-mm-yyyy'),to_timestamp('11/08/2016','dd-mm-yyyy'),to_timestamp('01/01/2050','dd-mm-yyyy'));


insert into common_address (id,street_address1, street_address2, city, state, country, zip) values (5186,'1825 Commerce Center Blvd, Suite 200', '', 'Fairborn', 'OH', 'US', '45324');
insert into organization (organization_id, name, addressid) values (5186, 'Renaissance Services Inc.',5186 );
insert into Organization_DMDII_Member (Organization_ID, DMDII_Type_ID, Modification_Date, Start_Date, Expire_Date) values (5186,3, to_timestamp('01-01-2016','dd-mm-yyyy'),to_timestamp('18/09/2015','dd-mm-yyyy'),to_timestamp('01/01/2050','dd-mm-yyyy'));


insert into common_address (id,street_address1, street_address2, city, state, country, zip) values (5187,'1 Lomb Memorial Drive', '', 'Rochester', 'NY', 'US', '14623');
insert into organization (organization_id, name, addressid) values (5187, 'Rochester Institute of Technology',5187 );
insert into Organization_DMDII_Member (Organization_ID, DMDII_Type_ID, Modification_Date, Start_Date, Expire_Date) values (5187,4, to_timestamp('01-01-2016','dd-mm-yyyy'),to_timestamp('11/05/2015','dd-mm-yyyy'),to_timestamp('01/01/2050','dd-mm-yyyy'));


insert into common_address (id,street_address1, street_address2, city, state, country, zip) values (5188,'1201 S 2nd Street', '', 'Milwaukee', 'WI', 'US', '53204');
insert into organization (organization_id, name, addressid) values (5188, 'Rockwell Automation Inc.',5188 );
insert into Organization_DMDII_Member (Organization_ID, DMDII_Type_ID, Modification_Date, Start_Date, Expire_Date) values (5188,3, to_timestamp('01-01-2016','dd-mm-yyyy'),to_timestamp('22/01/2016','dd-mm-yyyy'),to_timestamp('01/01/2050','dd-mm-yyyy'));


insert into common_address (id,street_address1, street_address2, city, state, country, zip) values (5189,'5755 Mark Dabling Boulevard, STE 250', '', 'Colorado Springs', 'CO', 'US', '80919');
insert into organization (organization_id, name, addressid) values (5189, 'Rocky Mountain Technology Alliance, Inc.',5189 );
insert into Organization_DMDII_Member (Organization_ID, DMDII_Type_ID, Modification_Date, Start_Date, Expire_Date) values (5189,7, to_timestamp('01-01-2016','dd-mm-yyyy'),to_timestamp('03/08/2015','dd-mm-yyyy'),to_timestamp('01/01/2050','dd-mm-yyyy'));


insert into common_address (id,street_address1, street_address2, city, state, country, zip) values (5190,'450 South Meridian Street', '', 'Indianapolis', 'IN', 'US', '46255');
insert into organization (organization_id, name, addressid) values (5190, 'Rolls-Royce Corporation',5190 );
insert into Organization_DMDII_Member (Organization_ID, DMDII_Type_ID, Modification_Date, Start_Date, Expire_Date) values (5190,1, to_timestamp('01-01-2016','dd-mm-yyyy'),to_timestamp('01/05/2015','dd-mm-yyyy'),to_timestamp('01/01/2050','dd-mm-yyyy'));


insert into common_address (id,street_address1, street_address2, city, state, country, zip) values (5191,'20 N Wacker Dr, Suite 1200', '', 'Chicago', 'IL', 'US', '60606');
insert into organization (organization_id, name, addressid) values (5191, 'Sage Clarity LLC',5191 );
insert into Organization_DMDII_Member (Organization_ID, DMDII_Type_ID, Modification_Date, Start_Date, Expire_Date) values (5191,3, to_timestamp('01-01-2016','dd-mm-yyyy'),to_timestamp('22/09/2015','dd-mm-yyyy'),to_timestamp('01/01/2050','dd-mm-yyyy'));


insert into common_address (id,street_address1, street_address2, city, state, country, zip) values (5192,'1702 Nevins Road', '', 'Fairlawn', 'NJ', 'US', '07410');
insert into organization (organization_id, name, addressid) values (5192, 'Sandvik Coromant',5192 );
insert into Organization_DMDII_Member (Organization_ID, DMDII_Type_ID, Modification_Date, Start_Date, Expire_Date) values (5192,3, to_timestamp('01-01-2016','dd-mm-yyyy'),to_timestamp('25/02/2016','dd-mm-yyyy'),to_timestamp('01/01/2050','dd-mm-yyyy'));


insert into common_address (id,street_address1, street_address2, city, state, country, zip) values (5193,'2121 OToole Avenue', '', 'San Jose', 'CA', 'US', '95131');
insert into organization (organization_id, name, addressid) values (5193, 'Sanmina Corporation',5193 );
insert into Organization_DMDII_Member (Organization_ID, DMDII_Type_ID, Modification_Date, Start_Date, Expire_Date) values (5193,3, to_timestamp('01-01-2016','dd-mm-yyyy'),to_timestamp('12/11/2015','dd-mm-yyyy'),to_timestamp('01/01/2050','dd-mm-yyyy'));


insert into common_address (id,street_address1, street_address2, city, state, country, zip) values (5194,'4900 38th Ave. Ste #5', '', 'Moline', 'IL', 'US', '62165');
insert into organization (organization_id, name, addressid) values (5194, 'SBP Consulting Inc.',5194 );
insert into Organization_DMDII_Member (Organization_ID, DMDII_Type_ID, Modification_Date, Start_Date, Expire_Date) values (5194,3, to_timestamp('01-01-2016','dd-mm-yyyy'),to_timestamp('24/02/2016','dd-mm-yyyy'),to_timestamp('01/01/2050','dd-mm-yyyy'));


insert into common_address (id,street_address1, street_address2, city, state, country, zip) values (5195,'Two Transam Plaza Drive, Suite 415', '', 'Oakbrook Terrace', 'IL', 'US', '60181');
insert into organization (organization_id, name, addressid) values (5195, 'Science Olympiad',5195 );
insert into Organization_DMDII_Member (Organization_ID, DMDII_Type_ID, Modification_Date, Start_Date, Expire_Date) values (5195,7, to_timestamp('01-01-2016','dd-mm-yyyy'),to_timestamp('18/06/2015','dd-mm-yyyy'),to_timestamp('01/01/2050','dd-mm-yyyy'));


insert into common_address (id,street_address1, street_address2, city, state, country, zip) values (5196,'2545 Farmers Drive, Suite 200', '', 'Columbus', 'OH', 'US', '43235');
insert into organization (organization_id, name, addressid) values (5196, 'Scientific Forming Technologies Corp',5196 );
insert into Organization_DMDII_Member (Organization_ID, DMDII_Type_ID, Modification_Date, Start_Date, Expire_Date) values (5196,3, to_timestamp('01-01-2016','dd-mm-yyyy'),to_timestamp('25/07/2016','dd-mm-yyyy'),to_timestamp('01/01/2050','dd-mm-yyyy'));


insert into common_address (id,street_address1, street_address2, city, state, country, zip) values (5197,'#703 235 Berry Street', '', 'San Francisco', 'CA', 'US', '94158');
insert into organization (organization_id, name, addressid) values (5197, 'Scope Technologies US Inc',5197 );
insert into Organization_DMDII_Member (Organization_ID, DMDII_Type_ID, Modification_Date, Start_Date, Expire_Date) values (5197,3, to_timestamp('01-01-2016','dd-mm-yyyy'),to_timestamp('26/01/2016','dd-mm-yyyy'),to_timestamp('01/01/2050','dd-mm-yyyy'));


insert into common_address (id,street_address1, street_address2, city, state, country, zip) values (5198,'Ace lane', '', 'Ace', 'IN', 'US', '11111');
insert into organization (organization_id, name, addressid) values (5198, 'Sensorhound',5198 );
insert into Organization_DMDII_Member (Organization_ID, DMDII_Type_ID, Modification_Date, Start_Date, Expire_Date) values (5198,3, to_timestamp('01-01-2016','dd-mm-yyyy'),to_timestamp('11/08/2016','dd-mm-yyyy'),to_timestamp('01/01/2050','dd-mm-yyyy'));


insert into common_address (id,street_address1, street_address2, city, state, country, zip) values (5199,'672 Delaware Avenue', '', 'Buffalo', 'NY', 'US', '14209');
insert into organization (organization_id, name, addressid) values (5199, 'Sentient Science',5199 );
insert into Organization_DMDII_Member (Organization_ID, DMDII_Type_ID, Modification_Date, Start_Date, Expire_Date) values (5199,3, to_timestamp('01-01-2016','dd-mm-yyyy'),to_timestamp('14/03/2016','dd-mm-yyyy'),to_timestamp('01/01/2050','dd-mm-yyyy'));


insert into common_address (id,street_address1, street_address2, city, state, country, zip) values (5200,'Ace lane', '', 'Ace', 'IL', 'US', '11111');
insert into organization (organization_id, name, addressid) values (5200, 'Serra Laser Precision',5200 );
insert into Organization_DMDII_Member (Organization_ID, DMDII_Type_ID, Modification_Date, Start_Date, Expire_Date) values (5200,3, to_timestamp('01-01-2016','dd-mm-yyyy'),to_timestamp('14/07/2016','dd-mm-yyyy'),to_timestamp('01/01/2050','dd-mm-yyyy'));


insert into common_address (id,street_address1, street_address2, city, state, country, zip) values (5201,'5800 W Touhy Avenue', '', 'Niles', 'IL', 'US', '60714');
insert into organization (organization_id, name, addressid) values (5201, 'Shure Incorporated',5201 );
insert into Organization_DMDII_Member (Organization_ID, DMDII_Type_ID, Modification_Date, Start_Date, Expire_Date) values (5201,3, to_timestamp('01-01-2016','dd-mm-yyyy'),to_timestamp('03/02/2016','dd-mm-yyyy'),to_timestamp('01/01/2050','dd-mm-yyyy'));


insert into common_address (id,street_address1, street_address2, city, state, country, zip) values (5202,'5800 Granite Parkway, Suite 600', '', 'Plano', 'TX', 'US', '75024');
insert into organization (organization_id, name, addressid) values (5202, 'Siemens Product Lifecycle Management Software Inc.',5202 );
insert into Organization_DMDII_Member (Organization_ID, DMDII_Type_ID, Modification_Date, Start_Date, Expire_Date) values (5202,1, to_timestamp('01-01-2016','dd-mm-yyyy'),to_timestamp('01/06/2015','dd-mm-yyyy'),to_timestamp('01/01/2050','dd-mm-yyyy'));


insert into common_address (id,street_address1, street_address2, city, state, country, zip) values (5203,'404 Barranca Trail', '', 'Wylie', 'TX', 'US', '75098');
insert into organization (organization_id, name, addressid) values (5203, 'Siewert Solutions',5203 );
insert into Organization_DMDII_Member (Organization_ID, DMDII_Type_ID, Modification_Date, Start_Date, Expire_Date) values (5203,3, to_timestamp('01-01-2016','dd-mm-yyyy'),to_timestamp('11/08/2016','dd-mm-yyyy'),to_timestamp('01/01/2050','dd-mm-yyyy'));


insert into common_address (id,street_address1, street_address2, city, state, country, zip) values (5204,'20381 Lake Forest Dr, B15', '', 'Lake Forest', 'CA', 'US', '92630');
insert into organization (organization_id, name, addressid) values (5204, 'SimInsights Inc.',5204 );
insert into Organization_DMDII_Member (Organization_ID, DMDII_Type_ID, Modification_Date, Start_Date, Expire_Date) values (5204,3, to_timestamp('01-01-2016','dd-mm-yyyy'),to_timestamp('08/01/2016','dd-mm-yyyy'),to_timestamp('01/01/2050','dd-mm-yyyy'));


insert into common_address (id,street_address1, street_address2, city, state, country, zip) values (5205,'225 33rd Street', '', 'Bettendorf', 'IA', 'US', '52722');
insert into organization (organization_id, name, addressid) values (5205, 'Sivyer Steel Corporation',5205 );
insert into Organization_DMDII_Member (Organization_ID, DMDII_Type_ID, Modification_Date, Start_Date, Expire_Date) values (5205,3, to_timestamp('01-01-2016','dd-mm-yyyy'),to_timestamp('11/01/2016','dd-mm-yyyy'),to_timestamp('01/01/2050','dd-mm-yyyy'));


insert into common_address (id,street_address1, street_address2, city, state, country, zip) values (5206,'One SME Dr.', '', 'Dearborn', 'MI', 'US', '48128');
insert into organization (organization_id, name, addressid) values (5206, 'Society of Manufacturing Engineers',5206 );
insert into Organization_DMDII_Member (Organization_ID, DMDII_Type_ID, Modification_Date, Start_Date, Expire_Date) values (5206,7, to_timestamp('01-01-2016','dd-mm-yyyy'),to_timestamp('11/05/2015','dd-mm-yyyy'),to_timestamp('01/01/2050','dd-mm-yyyy'));


insert into common_address (id,street_address1, street_address2, city, state, country, zip) values (5207,'355 Madison Ave, 16th Floor ', '', 'New York ', 'NY ', 'US', '10069');
insert into organization (organization_id, name, addressid) values (5207, 'Source3 ',5207 );
insert into Organization_DMDII_Member (Organization_ID, DMDII_Type_ID, Modification_Date, Start_Date, Expire_Date) values (5207,3, to_timestamp('01-01-2016','dd-mm-yyyy'),to_timestamp('17/06/2016','dd-mm-yyyy'),to_timestamp('01/01/2050','dd-mm-yyyy'));


insert into common_address (id,street_address1, street_address2, city, state, country, zip) values (5208,'775 North Murray Blvd', '', 'Colorado Springs', 'CO', 'US', '80915');
insert into organization (organization_id, name, addressid) values (5208, 'SPIRE Manufacturing Solutions, LLC',5208 );
insert into Organization_DMDII_Member (Organization_ID, DMDII_Type_ID, Modification_Date, Start_Date, Expire_Date) values (5208,3, to_timestamp('01-01-2016','dd-mm-yyyy'),to_timestamp('05/10/2015','dd-mm-yyyy'),to_timestamp('01/01/2050','dd-mm-yyyy'));


insert into common_address (id,street_address1, street_address2, city, state, country, zip) values (5209,'Ace lane', '', 'Ace', 'IL', 'US', '11111');
insert into organization (organization_id, name, addressid) values (5209, 'Star Lab Corp',5209 );
insert into Organization_DMDII_Member (Organization_ID, DMDII_Type_ID, Modification_Date, Start_Date, Expire_Date) values (5209,3, to_timestamp('01-01-2016','dd-mm-yyyy'),to_timestamp('26/04/2016','dd-mm-yyyy'),to_timestamp('01/01/2050','dd-mm-yyyy'));


insert into common_address (id,street_address1, street_address2, city, state, country, zip) values (5210,'780 McArdle Dr Unit G', '', 'Crystal Lake', 'IL', 'US', '60014');
insert into organization (organization_id, name, addressid) values (5210, 'Steel Founders'' Society of America',5210 );
insert into Organization_DMDII_Member (Organization_ID, DMDII_Type_ID, Modification_Date, Start_Date, Expire_Date) values (5210,7, to_timestamp('01-01-2016','dd-mm-yyyy'),to_timestamp('11/05/2015','dd-mm-yyyy'),to_timestamp('01/01/2050','dd-mm-yyyy'));


insert into common_address (id,street_address1, street_address2, city, state, country, zip) values (5211,'901 44th Street SE', '', 'Grand Rapids', 'MI', 'US', '49508');
insert into organization (organization_id, name, addressid) values (5211, 'Steelcase Inc.',5211 );
insert into Organization_DMDII_Member (Organization_ID, DMDII_Type_ID, Modification_Date, Start_Date, Expire_Date) values (5211,3, to_timestamp('01-01-2016','dd-mm-yyyy'),to_timestamp('07/01/2016','dd-mm-yyyy'),to_timestamp('01/01/2050','dd-mm-yyyy'));


insert into common_address (id,street_address1, street_address2, city, state, country, zip) values (5212,'14 First Street', '', 'Troy', 'NY', 'US', '12180');
insert into organization (organization_id, name, addressid) values (5212, 'STEP Tools, Inc.',5212 );
insert into Organization_DMDII_Member (Organization_ID, DMDII_Type_ID, Modification_Date, Start_Date, Expire_Date) values (5212,3, to_timestamp('01-01-2016','dd-mm-yyyy'),to_timestamp('05/06/2015','dd-mm-yyyy'),to_timestamp('01/01/2050','dd-mm-yyyy'));


insert into common_address (id,street_address1, street_address2, city, state, country, zip) values (5213,'180 N Stetson Ave, Suite 3500', '', 'Chicago', 'IL', 'US', '60601');
insert into organization (organization_id, name, addressid) values (5213, 'The Strong Oak Group, Inc.',5213 );
insert into Organization_DMDII_Member (Organization_ID, DMDII_Type_ID, Modification_Date, Start_Date, Expire_Date) values (5213,3, to_timestamp('01-01-2016','dd-mm-yyyy'),to_timestamp('13/11/2015','dd-mm-yyyy'),to_timestamp('01/01/2050','dd-mm-yyyy'));


insert into common_address (id,street_address1, street_address2, city, state, country, zip) values (5214,'11047 Raleigh Court', '', 'Machesney Park', 'IL', 'US', '61115');
insert into organization (organization_id, name, addressid) values (5214, 'Superior Joining Technologies',5214 );
insert into Organization_DMDII_Member (Organization_ID, DMDII_Type_ID, Modification_Date, Start_Date, Expire_Date) values (5214,3, to_timestamp('01-01-2016','dd-mm-yyyy'),to_timestamp('13/08/2015','dd-mm-yyyy'),to_timestamp('01/01/2050','dd-mm-yyyy'));


insert into common_address (id,street_address1, street_address2, city, state, country, zip) values (5215,'6220 Culebra Road', '', 'San Antonio', 'TX', 'US', '78238');
insert into organization (organization_id, name, addressid) values (5215, 'Southwest Research Institute',5215 );
insert into Organization_DMDII_Member (Organization_ID, DMDII_Type_ID, Modification_Date, Start_Date, Expire_Date) values (5215,7, to_timestamp('01-01-2016','dd-mm-yyyy'),to_timestamp('28/09/2015','dd-mm-yyyy'),to_timestamp('01/01/2050','dd-mm-yyyy'));


insert into common_address (id,street_address1, street_address2, city, state, country, zip) values (5216,'4965 Preston Park Blvd, Suite 500', '', 'Plano', 'TX', 'US', '75093');
insert into organization (organization_id, name, addressid) values (5216, 'Tech Mahindra Americas, Inc.',5216 );
insert into Organization_DMDII_Member (Organization_ID, DMDII_Type_ID, Modification_Date, Start_Date, Expire_Date) values (5216,3, to_timestamp('01-01-2016','dd-mm-yyyy'),to_timestamp('17/02/2016','dd-mm-yyyy'),to_timestamp('01/01/2050','dd-mm-yyyy'));


insert into common_address (id,street_address1, street_address2, city, state, country, zip) values (5217,'1567 SW Chandler Ave. Suite 100', '', 'Bend ', 'OR', 'US', '97702');
insert into organization (organization_id, name, addressid) values (5217, 'Tech Soft 3D, Inc',5217 );
insert into Organization_DMDII_Member (Organization_ID, DMDII_Type_ID, Modification_Date, Start_Date, Expire_Date) values (5217,3, to_timestamp('01-01-2016','dd-mm-yyyy'),to_timestamp('16/07/2015','dd-mm-yyyy'),to_timestamp('01/01/2050','dd-mm-yyyy'));


insert into common_address (id,street_address1, street_address2, city, state, country, zip) values (5218,'6705 Steger Drive', '', 'Cincinnati', 'OH', 'US', '45237');
insert into organization (organization_id, name, addressid) values (5218, 'TechSolve Inc.',5218 );
insert into Organization_DMDII_Member (Organization_ID, DMDII_Type_ID, Modification_Date, Start_Date, Expire_Date) values (5218,3, to_timestamp('01-01-2016','dd-mm-yyyy'),to_timestamp('01/11/2015','dd-mm-yyyy'),to_timestamp('01/01/2050','dd-mm-yyyy'));


insert into common_address (id,street_address1, street_address2, city, state, country, zip) values (5219,'600 Riverpark Drive', '', 'North Reading', 'MA', 'US', '18640');
insert into organization (organization_id, name, addressid) values (5219, 'Teradyne',5219 );
insert into Organization_DMDII_Member (Organization_ID, DMDII_Type_ID, Modification_Date, Start_Date, Expire_Date) values (5219,3, to_timestamp('01-01-2016','dd-mm-yyyy'),to_timestamp('28/07/2016','dd-mm-yyyy'),to_timestamp('01/01/2050','dd-mm-yyyy'));


insert into common_address (id,street_address1, street_address2, city, state, country, zip) values (5220,'3500 Deer Creek ', '', 'Palo Alto ', 'CA ', 'US', '94304');
insert into organization (organization_id, name, addressid) values (5220, 'Tesla Motors Inc. ',5220 );
insert into Organization_DMDII_Member (Organization_ID, DMDII_Type_ID, Modification_Date, Start_Date, Expire_Date) values (5220,3, to_timestamp('01-01-2016','dd-mm-yyyy'),to_timestamp('17/06/2016','dd-mm-yyyy'),to_timestamp('01/01/2050','dd-mm-yyyy'));


insert into common_address (id,street_address1, street_address2, city, state, country, zip) values (5221,'Ace lane', '', 'Ace', 'TX', 'US', '11111');
insert into organization (organization_id, name, addressid) values (5221, 'Texas State University',5221 );
insert into Organization_DMDII_Member (Organization_ID, DMDII_Type_ID, Modification_Date, Start_Date, Expire_Date) values (5221,6, to_timestamp('01-01-2016','dd-mm-yyyy'),to_timestamp('12/07/2016','dd-mm-yyyy'),to_timestamp('01/01/2050','dd-mm-yyyy'));


insert into common_address (id,street_address1, street_address2, city, state, country, zip) values (5222,'30 S Wacker Drive, Suite 2200', '', 'Chicago', 'IL', 'US', '60606');
insert into organization (organization_id, name, addressid) values (5222, 'The Innovation Machine',5222 );
insert into Organization_DMDII_Member (Organization_ID, DMDII_Type_ID, Modification_Date, Start_Date, Expire_Date) values (5222,3, to_timestamp('01-01-2016','dd-mm-yyyy'),to_timestamp('23/07/2015','dd-mm-yyyy'),to_timestamp('01/01/2050','dd-mm-yyyy'));


insert into common_address (id,street_address1, street_address2, city, state, country, zip) values (5223,'227 Wiltshire Lane', '', 'Severna Park', 'MD', 'US', '21146');
insert into organization (organization_id, name, addressid) values (5223, 'The Lucrum Group',5223 );
insert into Organization_DMDII_Member (Organization_ID, DMDII_Type_ID, Modification_Date, Start_Date, Expire_Date) values (5223,3, to_timestamp('01-01-2016','dd-mm-yyyy'),to_timestamp('01/03/2016','dd-mm-yyyy'),to_timestamp('01/01/2050','dd-mm-yyyy'));


insert into common_address (id,street_address1, street_address2, city, state, country, zip) values (5224,'11911 Freedom Drive, Suite 600', '', 'Reston', 'VA', 'US', '20190');
insert into organization (organization_id, name, addressid) values (5224, 'The Organization for Machine Automation and Control',5224 );
insert into Organization_DMDII_Member (Organization_ID, DMDII_Type_ID, Modification_Date, Start_Date, Expire_Date) values (5224,7, to_timestamp('01-01-2016','dd-mm-yyyy'),to_timestamp('22/09/2015','dd-mm-yyyy'),to_timestamp('01/01/2050','dd-mm-yyyy'));


insert into common_address (id,street_address1, street_address2, city, state, country, zip) values (5225,'408 Old Main', '', 'University Park', 'PA', 'US', '16802');
insert into organization (organization_id, name, addressid) values (5225, 'The Pennsylvania State University',5225 );
insert into Organization_DMDII_Member (Organization_ID, DMDII_Type_ID, Modification_Date, Start_Date, Expire_Date) values (5225,6, to_timestamp('01-01-2016','dd-mm-yyyy'),to_timestamp('11/05/2015','dd-mm-yyyy'),to_timestamp('01/01/2050','dd-mm-yyyy'));


insert into common_address (id,street_address1, street_address2, city, state, country, zip) values (5226,'1000 Timber Lane', '', 'Fairview', 'TX', 'US', '75069');
insert into organization (organization_id, name, addressid) values (5226, 'ThingWeaver Solutions LLC',5226 );
insert into Organization_DMDII_Member (Organization_ID, DMDII_Type_ID, Modification_Date, Start_Date, Expire_Date) values (5226,3, to_timestamp('01-01-2016','dd-mm-yyyy'),to_timestamp('17/05/2016','dd-mm-yyyy'),to_timestamp('01/01/2050','dd-mm-yyyy'));


insert into common_address (id,street_address1, street_address2, city, state, country, zip) values (5227,'6475 City West Parkway', '', 'Minneapolis', 'MN', 'US', '55344');
insert into organization (organization_id, name, addressid) values (5227, 'Third Wave Systems',5227 );
insert into Organization_DMDII_Member (Organization_ID, DMDII_Type_ID, Modification_Date, Start_Date, Expire_Date) values (5227,3, to_timestamp('01-01-2016','dd-mm-yyyy'),to_timestamp('04/08/2016','dd-mm-yyyy'),to_timestamp('01/01/2050','dd-mm-yyyy'));


insert into common_address (id,street_address1, street_address2, city, state, country, zip) values (5228,'8525 Broxburn Lane', '', 'Waxhaw', 'NC', 'US', '28173');
insert into organization (organization_id, name, addressid) values (5228, 'Tucker Innovations Incorporated',5228 );
insert into Organization_DMDII_Member (Organization_ID, DMDII_Type_ID, Modification_Date, Start_Date, Expire_Date) values (5228,3, to_timestamp('01-01-2016','dd-mm-yyyy'),to_timestamp('15/10/2015','dd-mm-yyyy'),to_timestamp('01/01/2050','dd-mm-yyyy'));


insert into common_address (id,street_address1, street_address2, city, state, country, zip) values (5229,'1070 33rd Ave SE', '', 'Minneapolis', 'MN', 'US', '55414');
insert into organization (organization_id, name, addressid) values (5229, 'Twin City Die Castings Company',5229 );
insert into Organization_DMDII_Member (Organization_ID, DMDII_Type_ID, Modification_Date, Start_Date, Expire_Date) values (5229,3, to_timestamp('01-01-2016','dd-mm-yyyy'),to_timestamp('08/02/2016','dd-mm-yyyy'),to_timestamp('01/01/2050','dd-mm-yyyy'));


insert into common_address (id,street_address1, street_address2, city, state, country, zip) values (5230,'333 Pfingsten Road', '', 'Chicago', 'IL', 'US', '60062');
insert into organization (organization_id, name, addressid) values (5230, 'UL LLC',5230 );
insert into Organization_DMDII_Member (Organization_ID, DMDII_Type_ID, Modification_Date, Start_Date, Expire_Date) values (5230,3, to_timestamp('01-01-2016','dd-mm-yyyy'),to_timestamp('03/08/2015','dd-mm-yyyy'),to_timestamp('01/01/2050','dd-mm-yyyy'));


insert into common_address (id,street_address1, street_address2, city, state, country, zip) values (5231,'402 Crofts Hall', '', 'Buffalo', 'NY', 'US', '14260');
insert into organization (organization_id, name, addressid) values (5231, 'The Research Foundation for SUNY on Behalf of University of Buffalo',5231 );
insert into Organization_DMDII_Member (Organization_ID, DMDII_Type_ID, Modification_Date, Start_Date, Expire_Date) values (5231,4, to_timestamp('01-01-2016','dd-mm-yyyy'),to_timestamp('23/07/2015','dd-mm-yyyy'),to_timestamp('01/01/2050','dd-mm-yyyy'));


insert into common_address (id,street_address1, street_address2, city, state, country, zip) values (5232,'1720 2nd Ave S AB1170', '', 'Birmingham', 'AL', 'US', '35294');
insert into organization (organization_id, name, addressid) values (5232, 'University of Alabama Birmingham',5232 );
insert into Organization_DMDII_Member (Organization_ID, DMDII_Type_ID, Modification_Date, Start_Date, Expire_Date) values (5232,6, to_timestamp('01-01-2016','dd-mm-yyyy'),to_timestamp('09/11/2015','dd-mm-yyyy'),to_timestamp('01/01/2050','dd-mm-yyyy'));


insert into common_address (id,street_address1, street_address2, city, state, country, zip) values (5233,'301 Sparkman Drive', '', 'Huntsville', 'AL', 'US', '35899');
insert into organization (organization_id, name, addressid) values (5233, 'The University of Alabama in Huntsville',5233 );
insert into Organization_DMDII_Member (Organization_ID, DMDII_Type_ID, Modification_Date, Start_Date, Expire_Date) values (5233,7, to_timestamp('01-01-2016','dd-mm-yyyy'),to_timestamp('11/05/2015','dd-mm-yyyy'),to_timestamp('01/01/2050','dd-mm-yyyy'));


insert into common_address (id,street_address1, street_address2, city, state, country, zip) values (5234,'Sponsored Research Services, 51 Goodman Drive, Suite 530, PO Box 210222; Attn:  Christine C. Jones', '', 'Cincinnati', 'OH', 'US', '45221');
insert into organization (organization_id, name, addressid) values (5234, 'University of Cincinnati',5234 );
insert into Organization_DMDII_Member (Organization_ID, DMDII_Type_ID, Modification_Date, Start_Date, Expire_Date) values (5234,4, to_timestamp('01-01-2016','dd-mm-yyyy'),to_timestamp('11/05/2015','dd-mm-yyyy'),to_timestamp('01/01/2050','dd-mm-yyyy'));


insert into common_address (id,street_address1, street_address2, city, state, country, zip) values (5235,'210 Hullihen Hall', '', 'Newark', 'DE', 'US', '19716');
insert into organization (organization_id, name, addressid) values (5235, 'University of Deleware',5235 );
insert into Organization_DMDII_Member (Organization_ID, DMDII_Type_ID, Modification_Date, Start_Date, Expire_Date) values (5235,6, to_timestamp('01-01-2016','dd-mm-yyyy'),to_timestamp('11/05/2015','dd-mm-yyyy'),to_timestamp('01/01/2050','dd-mm-yyyy'));


insert into common_address (id,street_address1, street_address2, city, state, country, zip) values (5236,'1737 W. Polk Street, 304 AOB, M/C 672', '', 'Chicago', 'IL', 'US', '60612');
insert into organization (organization_id, name, addressid) values (5236, 'Board of Trustees of the University of Illinois',5236 );
insert into Organization_DMDII_Member (Organization_ID, DMDII_Type_ID, Modification_Date, Start_Date, Expire_Date) values (5236,4, to_timestamp('01-01-2016','dd-mm-yyyy'),to_timestamp('11/05/2015','dd-mm-yyyy'),to_timestamp('01/01/2050','dd-mm-yyyy'));


insert into common_address (id,street_address1, street_address2, city, state, country, zip) values (5237,'506 S Wright Street', '', 'Champaign', 'IL', 'US', '61801');
insert into organization (organization_id, name, addressid) values (5237, 'Board of Trustees of the University of Illinois',5237 );
insert into Organization_DMDII_Member (Organization_ID, DMDII_Type_ID, Modification_Date, Start_Date, Expire_Date) values (5237,4, to_timestamp('01-01-2016','dd-mm-yyyy'),to_timestamp('11/05/2015','dd-mm-yyyy'),to_timestamp('01/01/2050','dd-mm-yyyy'));


insert into common_address (id,street_address1, street_address2, city, state, country, zip) values (5238,'2 Gilmore Hall', '', 'Iowa City', 'IA', 'US', '52242');
insert into organization (organization_id, name, addressid) values (5238, 'The University of Iowa',5238 );
insert into Organization_DMDII_Member (Organization_ID, DMDII_Type_ID, Modification_Date, Start_Date, Expire_Date) values (5238,5, to_timestamp('01-01-2016','dd-mm-yyyy'),to_timestamp('11/05/2015','dd-mm-yyyy'),to_timestamp('01/01/2050','dd-mm-yyyy'));


insert into common_address (id,street_address1, street_address2, city, state, country, zip) values (5239,'109 Kinkead Hall', '', 'Lexington', 'KY', 'US', '40506');
insert into organization (organization_id, name, addressid) values (5239, 'University of Kentucky Research Foundation',5239 );
insert into Organization_DMDII_Member (Organization_ID, DMDII_Type_ID, Modification_Date, Start_Date, Expire_Date) values (5239,6, to_timestamp('01-01-2016','dd-mm-yyyy'),to_timestamp('30/10/2015','dd-mm-yyyy'),to_timestamp('01/01/2050','dd-mm-yyyy'));


insert into common_address (id,street_address1, street_address2, city, state, country, zip) values (5240,'2301 S Third Street, Jouett Hall', '', 'Louisville', 'KY', 'US', '40292');
insert into organization (organization_id, name, addressid) values (5240, 'UofL Research Foundation, Inc. (ULRF)',5240 );
insert into Organization_DMDII_Member (Organization_ID, DMDII_Type_ID, Modification_Date, Start_Date, Expire_Date) values (5240,4, to_timestamp('01-01-2016','dd-mm-yyyy'),to_timestamp('11/05/2015','dd-mm-yyyy'),to_timestamp('01/01/2050','dd-mm-yyyy'));


insert into common_address (id,street_address1, street_address2, city, state, country, zip) values (5241,'3003 S State Street, 1st Fl, Room 1028', '', 'Ann Arbor', 'MI', 'US', '48109');
insert into organization (organization_id, name, addressid) values (5241, 'The Regents of the University of Michigan',5241 );
insert into Organization_DMDII_Member (Organization_ID, DMDII_Type_ID, Modification_Date, Start_Date, Expire_Date) values (5241,4, to_timestamp('01-01-2016','dd-mm-yyyy'),to_timestamp('21/09/2015','dd-mm-yyyy'),to_timestamp('01/01/2050','dd-mm-yyyy'));


insert into common_address (id,street_address1, street_address2, city, state, country, zip) values (5242,'2200 Vine Street, 151 Whittier Research Center', '', 'Lincoln', 'NE', 'US', '68588');
insert into organization (organization_id, name, addressid) values (5242, 'Board of Regents of the University of Nebraska for the University of Nebraska - Lincoln',5242 );
insert into Organization_DMDII_Member (Organization_ID, DMDII_Type_ID, Modification_Date, Start_Date, Expire_Date) values (5242,4, to_timestamp('01-01-2016','dd-mm-yyyy'),to_timestamp('11/05/2015','dd-mm-yyyy'),to_timestamp('01/01/2050','dd-mm-yyyy'));


insert into common_address (id,street_address1, street_address2, city, state, country, zip) values (5243,'4333 Brooklyn Ave NW, Box 359472', '', 'Seattle ', 'WA', 'US', '98195');
insert into organization (organization_id, name, addressid) values (5243, 'University of Washington',5243 );
insert into Organization_DMDII_Member (Organization_ID, DMDII_Type_ID, Modification_Date, Start_Date, Expire_Date) values (5243,6, to_timestamp('01-01-2016','dd-mm-yyyy'),to_timestamp('09/05/2016','dd-mm-yyyy'),to_timestamp('01/01/2050','dd-mm-yyyy'));


insert into common_address (id,street_address1, street_address2, city, state, country, zip) values (5244,'21 N Park Street, Suite 6401', '', 'Madison', 'WI', 'US', '53715');
insert into organization (organization_id, name, addressid) values (5244, 'Board of Regents of the University of Wisconsin',5244 );
insert into Organization_DMDII_Member (Organization_ID, DMDII_Type_ID, Modification_Date, Start_Date, Expire_Date) values (5244,5, to_timestamp('01-01-2016','dd-mm-yyyy'),to_timestamp('09/11/2015','dd-mm-yyyy'),to_timestamp('01/01/2050','dd-mm-yyyy'));


insert into common_address (id,street_address1, street_address2, city, state, country, zip) values (5245,'101 E 27th Street, Rm 5.300, M/C A9000', '', 'Austin', 'TX', 'US', '78712');
insert into organization (organization_id, name, addressid) values (5245, 'The University of Texas at Austin',5245 );
insert into Organization_DMDII_Member (Organization_ID, DMDII_Type_ID, Modification_Date, Start_Date, Expire_Date) values (5245,4, to_timestamp('01-01-2016','dd-mm-yyyy'),to_timestamp('09/05/2016','dd-mm-yyyy'),to_timestamp('01/01/2050','dd-mm-yyyy'));


insert into common_address (id,street_address1, street_address2, city, state, country, zip) values (5246,'c/o Office of Contract & Research Administration, PMB 407749, 2301 Vanderbilt Place', '', 'Nashville', 'TN', 'US', '37240');
insert into organization (organization_id, name, addressid) values (5246, 'Vanderbilt University ',5246 );
insert into Organization_DMDII_Member (Organization_ID, DMDII_Type_ID, Modification_Date, Start_Date, Expire_Date) values (5246,6, to_timestamp('01-01-2016','dd-mm-yyyy'),to_timestamp('11/05/2015','dd-mm-yyyy'),to_timestamp('01/01/2050','dd-mm-yyyy'));


insert into common_address (id,street_address1, street_address2, city, state, country, zip) values (5247,'North End Center, Suite 4200, 300 Turner St NW', '', 'Blacksburg', 'VA', 'US', '24061');
insert into organization (organization_id, name, addressid) values (5247, 'Virginia Polytechnic Institute and State University',5247 );
insert into Organization_DMDII_Member (Organization_ID, DMDII_Type_ID, Modification_Date, Start_Date, Expire_Date) values (5247,6, to_timestamp('01-01-2016','dd-mm-yyyy'),to_timestamp('09/11/2015','dd-mm-yyyy'),to_timestamp('01/01/2050','dd-mm-yyyy'));


insert into common_address (id,street_address1, street_address2, city, state, country, zip) values (5248,'316 East Court Street', '', 'Iowa City', 'IA', 'US', '52242');
insert into organization (organization_id, name, addressid) values (5248, 'Virtual Systems Engineering',5248 );
insert into Organization_DMDII_Member (Organization_ID, DMDII_Type_ID, Modification_Date, Start_Date, Expire_Date) values (5248,3, to_timestamp('01-01-2016','dd-mm-yyyy'),to_timestamp('07/10/2015','dd-mm-yyyy'),to_timestamp('01/01/2050','dd-mm-yyyy'));


insert into common_address (id,street_address1, street_address2, city, state, country, zip) values (5249,'2553 Quality Lane', '', 'Knoxville', 'TN', 'US', '37931');
insert into organization (organization_id, name, addressid) values (5249, 'Visionary Center for Sustainable Communities',5249 );
insert into Organization_DMDII_Member (Organization_ID, DMDII_Type_ID, Modification_Date, Start_Date, Expire_Date) values (5249,7, to_timestamp('01-01-2016','dd-mm-yyyy'),to_timestamp('17/02/2016','dd-mm-yyyy'),to_timestamp('01/01/2050','dd-mm-yyyy'));


insert into common_address (id,street_address1, street_address2, city, state, country, zip) values (5250,'8400 Sweet Valley Drive, #406', '', 'Velley View', 'OH', 'US', '44125');
insert into organization (organization_id, name, addressid) values (5250, 'Visi-Trak Worldwide LLC',5250 );
insert into Organization_DMDII_Member (Organization_ID, DMDII_Type_ID, Modification_Date, Start_Date, Expire_Date) values (5250,3, to_timestamp('01-01-2016','dd-mm-yyyy'),to_timestamp('13/11/2015','dd-mm-yyyy'),to_timestamp('01/01/2050','dd-mm-yyyy'));


insert into common_address (id,street_address1, street_address2, city, state, country, zip) values (5251,'5057 Woodward Ave. 13th Floor', '', 'Detroit', 'MI', 'US', '48202');
insert into organization (organization_id, name, addressid) values (5251, 'Wayne State University',5251 );
insert into Organization_DMDII_Member (Organization_ID, DMDII_Type_ID, Modification_Date, Start_Date, Expire_Date) values (5251,5, to_timestamp('01-01-2016','dd-mm-yyyy'),to_timestamp('18/02/2016','dd-mm-yyyy'),to_timestamp('01/01/2050','dd-mm-yyyy'));


insert into common_address (id,street_address1, street_address2, city, state, country, zip) values (5252,'Ace lane', '', 'Ace', 'WI', 'US', '11111');
insert into organization (organization_id, name, addressid) values (5252, 'Weasler Engineering Inc',5252 );
insert into Organization_DMDII_Member (Organization_ID, DMDII_Type_ID, Modification_Date, Start_Date, Expire_Date) values (5252,3, to_timestamp('01-01-2016','dd-mm-yyyy'),to_timestamp('12/07/2016','dd-mm-yyyy'),to_timestamp('01/01/2050','dd-mm-yyyy'));


insert into common_address (id,street_address1, street_address2, city, state, country, zip) values (5253,'720 Dartmouth Lane', '', 'Buffalo Grove', 'IL', 'US', '60089');
insert into organization (organization_id, name, addressid) values (5253, 'Wes-Tech Automation Solutions',5253 );
insert into Organization_DMDII_Member (Organization_ID, DMDII_Type_ID, Modification_Date, Start_Date, Expire_Date) values (5253,3, to_timestamp('01-01-2016','dd-mm-yyyy'),to_timestamp('25/02/2016','dd-mm-yyyy'),to_timestamp('01/01/2050','dd-mm-yyyy'));


insert into common_address (id,street_address1, street_address2, city, state, country, zip) values (5254,'1 University Circle', '', 'Macomb', 'IL', 'US', '61455');
insert into organization (organization_id, name, addressid) values (5254, 'The Board of Trustees of Western Illinois University',5254 );
insert into Organization_DMDII_Member (Organization_ID, DMDII_Type_ID, Modification_Date, Start_Date, Expire_Date) values (5254,6, to_timestamp('01-01-2016','dd-mm-yyyy'),to_timestamp('11/05/2015','dd-mm-yyyy'),to_timestamp('01/01/2050','dd-mm-yyyy'));


insert into common_address (id,street_address1, street_address2, city, state, country, zip) values (5255,'1000 Westinghouse Drive', '', 'Cranberry Township', 'PA', 'US', '16066');
insert into organization (organization_id, name, addressid) values (5255, 'Westinghouse Electric Company',5255 );
insert into Organization_DMDII_Member (Organization_ID, DMDII_Type_ID, Modification_Date, Start_Date, Expire_Date) values (5255,3, to_timestamp('01-01-2016','dd-mm-yyyy'),to_timestamp('25/07/2016','dd-mm-yyyy'),to_timestamp('01/01/2050','dd-mm-yyyy'));


insert into common_address (id,street_address1, street_address2, city, state, country, zip) values (5256,'935 N Central Ave', '', 'Wood Dale', 'IL', 'US', '60191');
insert into organization (organization_id, name, addressid) values (5256, 'Wiegel Tool Works Inc.',5256 );
insert into Organization_DMDII_Member (Organization_ID, DMDII_Type_ID, Modification_Date, Start_Date, Expire_Date) values (5256,3, to_timestamp('01-01-2016','dd-mm-yyyy'),to_timestamp('09/12/2015','dd-mm-yyyy'),to_timestamp('01/01/2050','dd-mm-yyyy'));


insert into common_address (id,street_address1, street_address2, city, state, country, zip) values (5257,'2 Tower Center Boulevard, Suite 2200', '', 'East Brunswick', 'NJ', 'US', '08816');
insert into organization (organization_id, name, addressid) values (5257, 'Wipro, LLC',5257 );
insert into Organization_DMDII_Member (Organization_ID, DMDII_Type_ID, Modification_Date, Start_Date, Expire_Date) values (5257,3, to_timestamp('01-01-2016','dd-mm-yyyy'),to_timestamp('24/03/2016','dd-mm-yyyy'),to_timestamp('01/01/2050','dd-mm-yyyy'));


insert into common_address (id,street_address1, street_address2, city, state, country, zip) values (5258,'1249 Humbracht Cir', '', 'Bartlett', 'IL', 'US', '60103');
insert into organization (organization_id, name, addressid) values (5258, 'Wittenstein Holding Corp',5258 );
insert into Organization_DMDII_Member (Organization_ID, DMDII_Type_ID, Modification_Date, Start_Date, Expire_Date) values (5258,3, to_timestamp('01-01-2016','dd-mm-yyyy'),to_timestamp('11/05/2015','dd-mm-yyyy'),to_timestamp('01/01/2050','dd-mm-yyyy'));


insert into common_address (id,street_address1, street_address2, city, state, country, zip) values (5259,'177 N. State St., Suite 500', '', 'Chicago', 'IL', 'US', '60601');
insert into organization (organization_id, name, addressid) values (5259, 'World Business Chicago',5259 );
insert into Organization_DMDII_Member (Organization_ID, DMDII_Type_ID, Modification_Date, Start_Date, Expire_Date) values (5259,7, to_timestamp('01-01-2016','dd-mm-yyyy'),to_timestamp('11/05/2015','dd-mm-yyyy'),to_timestamp('01/01/2050','dd-mm-yyyy'));


insert into common_address (id,street_address1, street_address2, city, state, country, zip) values (5260,'4934 W Bloomingdale Ave', '', 'Chicago', 'IL', 'US', '60639');
insert into organization (organization_id, name, addressid) values (5260, 'Wrightwood Precision Products Company',5260 );
insert into Organization_DMDII_Member (Organization_ID, DMDII_Type_ID, Modification_Date, Start_Date, Expire_Date) values (5260,3, to_timestamp('01-01-2016','dd-mm-yyyy'),to_timestamp('08/12/2015','dd-mm-yyyy'),to_timestamp('01/01/2050','dd-mm-yyyy'));


insert into common_address (id,street_address1, street_address2, city, state, country, zip) values (5261,'238 Littleton Road Suite 100', '', 'Westford', 'MA', 'US', '01886');
insert into organization (organization_id, name, addressid) values (5261, 'Zuken USA Inc.',5261 );
insert into Organization_DMDII_Member (Organization_ID, DMDII_Type_ID, Modification_Date, Start_Date, Expire_Date) values (5261,3, to_timestamp('01-01-2016','dd-mm-yyyy'),to_timestamp('04/02/2016','dd-mm-yyyy'),to_timestamp('01/01/2050','dd-mm-yyyy'));

insert into organization (organization_id, name, addressid) values (5262, 'OTHER',1 );
